"id","pca1","pca2","k_means"
"1",-1.24202867804584,-0.437256366068774,2
"10",-1.69238725378478,-0.343608251445719,1
"100",-0.994308285343912,-0.123730653177008,2
"1000",-1.20768236995854,0.21309740940993,2
"1001",-0.884500677035468,-0.136036014761458,2
"1002",-0.968669714811739,-0.211013481646235,2
"1003",-1.32339288958402,0.260955119405764,2
"1004",-1.1361718759687,-0.30427387135305,2
"1005",-1.09231953831751,-0.26443284313783,2
"1006",-0.977996899433734,-0.353700776206955,2
"1007",-1.1710130987076,-0.288278489663587,2
"1008",-0.536477789640644,-0.356410444750478,2
"1009",-0.779720477110747,-0.198807642030011,2
"101",-1.1258540829559,-0.388670500072186,2
"1010",-1.04872303813664,-0.439763954476616,2
"1011",-1.4935177344721,-0.468114784559533,1
"1012",-1.82481840220797,-0.24625815732584,1
"1013",-0.992233889194356,-0.300445669397985,2
"1014",-1.10733117215706,-0.184935927931285,2
"1015",-1.12570339504754,-0.381008919980392,2
"1016",-1.05035932309156,-0.363898903092058,2
"1017",-1.63067825888198,-0.330839456872652,1
"1018",-1.0710785313127,0.0166069722027126,2
"1019",-1.00407517286311,-0.0204641339334594,2
"102",-1.13054849766303,-0.381653111076595,2
"1020",-0.968015522390923,-0.549570597575479,2
"1021",-1.39414459832275,0.103779145171718,2
"1022",-0.852583928014207,-0.0733374863269903,2
"1023",-1.26680156487813,-0.0252674362025943,2
"1024",-0.907497358906508,-0.0619275136986712,2
"1025",-0.950520274522349,-0.0960750478051171,2
"1026",-0.780317306981453,-0.152378426311125,2
"1027",-0.708593498747837,-0.29329698459526,2
"1028",-1.59494297111616,-0.106811874484576,1
"1029",-1.5072339378011,-0.319460190329059,1
"103",-1.34612001405793,-0.455607867367496,1
"1030",-1.48662819532434,0.0140692933760395,1
"1031",-1.25867553190498,-0.043870672812397,2
"1032",-1.07049986186412,-0.0315730160434403,2
"1033",-0.549469408238117,-0.281144975015778,2
"1034",-1.17124974067354,-0.406730896816642,2
"1035",-1.86325090834581,-0.390071716051614,1
"1036",-0.864587032051417,-0.175910760987801,2
"1037",-1.38415171397225,-0.215606963207,1
"1038",-1.39005888221108,-0.261155356522086,2
"1039",-0.789290088158175,-0.173553013966567,2
"104",-0.470400708282822,-0.1544445652685,2
"1040",-1.01033552264331,-0.137923097969707,2
"1041",-1.16510247013295,-0.245613880897143,2
"1042",-1.25777158616914,-0.420567072326615,2
"1043",-1.14682403014268,-0.346643520286535,2
"1044",-1.4271451406142,-0.284132678053338,1
"1045",-1.10138419819379,0.08265524499521,2
"1046",-1.15558203074114,-0.461160338343312,2
"1047",-1.02181367288236,-0.106022654134773,2
"1048",-0.884573068289809,-0.204129261131879,2
"1049",-0.966556219534635,-0.25722611516901,2
"105",-1.09384626890956,-0.621194249036734,2
"1050",-1.03116092368608,-0.54269227226588,2
"1051",-1.4944498273168,-0.344344966704666,1
"1052",-1.16411403562624,-0.407851779356831,2
"1053",-1.43429486878004,-0.018269731978992,1
"1054",-0.400189005100021,-0.0460642008760847,2
"1055",-1.08427917452137,-0.319307553067843,2
"1056",-1.36640264357077,-0.295116954859683,1
"1057",-1.34683134806332,-0.346933768497213,1
"1058",-1.02344875947902,-0.160242998838161,2
"1059",-1.17854161073862,-0.196356573395657,2
"106",-1.44589401809844,-0.335391290022203,1
"1060",-1.12729376744616,-0.186076877179679,2
"1061",-1.16551044458156,-0.0792519805686798,2
"1062",-1.13651110167666,-0.351209393407676,2
"1063",-1.06313335842926,-0.164880252602574,2
"1064",-1.25643360199681,-0.0562812743308351,2
"1065",-1.77612061769258,-0.0181703129985947,1
"1066",-1.10973596904675,-0.384069195037132,2
"1067",-1.31517370011899,-0.312421586909816,2
"1068",-1.68632317312719,-0.427442396687694,1
"1069",-0.637111967666158,-0.101014611856039,2
"107",-0.777364588679577,-0.193204589868926,2
"1070",-0.580289447037859,0.280480809150036,2
"1071",-0.796769906962486,0.0363684913090606,2
"1072",-0.994601397860714,-0.358515661364725,2
"1073",-1.28601683031263,-0.0957075955573388,2
"1074",-1.31948160801851,0.148132112706418,2
"1075",-1.70738568157567,-0.442372306046667,1
"1076",-1.13303403070096,-0.176858567703301,2
"1077",-1.28816163891762,-0.487243131759099,2
"1078",-0.885858081469272,-0.080290715409447,2
"1079",-0.858702971038148,-0.47816084788949,2
"108",-0.782030573005857,-0.184299531914232,2
"1080",-1.24449822819704,-0.18364428689232,1
"1081",-1.47804788688739,-0.278893819214644,1
"1082",-1.16054595758929,0.0333404761731809,2
"1083",-0.599930393324712,-0.233480218258799,2
"1084",-1.23409462612387,-0.250967749064139,2
"1085",-1.31996771894142,-0.411497015319933,2
"1086",-1.52423197855186,-0.381483143042697,1
"1087",-1.70086492532572,-0.322578093407059,1
"1088",-0.738328910168003,-0.055288439224231,2
"1089",-1.04575868519956,-0.326063715727929,2
"109",-1.34635510063041,-0.527387480639554,2
"1090",-0.973151062050193,-0.143279063498542,2
"1091",-0.934255512771514,-0.368521452379058,2
"1092",-1.46912000492188,0.0664250852097162,1
"1093",-1.24935258404085,-0.431012828979247,2
"1094",-1.7248419024473,-0.222916253369214,1
"1095",-1.23916203094212,-0.159622426236266,2
"1096",-1.11518851740825,-0.23505139624612,2
"1097",-1.623380963462,-0.252337295473492,1
"1098",-1.3862225726946,-0.114889653464009,1
"1099",-0.957613409262072,-0.101518373447466,2
"11",-0.916417572350678,-0.480753827244327,2
"110",-1.42036253776699,-0.558936283390368,1
"1100",-1.08961570411162,0.0729297954480323,2
"1101",-1.20341040205657,-0.162191029314651,2
"1102",-1.30039006315974,-0.289240700626104,2
"1103",-1.32150962824201,-0.440135102054634,1
"1104",-0.8960487605823,-0.246452736087369,2
"1105",-1.50029380355184,0.185019416782075,1
"1106",-1.73364223510203,-0.364883359549546,1
"1107",-1.54699576150031,-0.456726395947655,1
"1108",-0.991605160061767,-0.256353794482577,2
"1109",-1.54278330317836,-0.509657777583201,1
"111",-1.00380139148986,-0.556087496393705,2
"1110",-1.15829584389566,-0.278880254824839,2
"1111",-0.751738557414609,-0.35631238504962,2
"1112",-1.18034764773416,-0.441020426097227,2
"1113",-1.49366151475253,-0.538014497051704,1
"1114",-0.931244463026902,-0.434326992794668,2
"112",-0.735134215316613,-0.212168362120387,2
"113",-1.43733871629051,-0.379651664356656,1
"114",-1.0109576165606,-0.673072056609155,2
"115",-1.03473202181139,-0.502025215513912,2
"116",-1.56858758932565,-0.448160568161681,1
"117",-1.61087130683408,-0.52227478071142,1
"118",-0.852984255823027,-0.443776387121854,2
"119",-0.867927340410075,-0.411144753090894,2
"12",-1.14496516701974,-0.51012118488034,2
"120",-1.5566536989256,-0.48653864652226,1
"121",-1.00875128023204,-0.311399411042128,2
"122",-1.27201959191842,-0.264544376040863,2
"123",-1.24631780008255,-0.443266678503018,2
"124",-1.47825269269638,-0.289035025195455,1
"125",-1.99341618604229,-0.162828345901877,1
"126",-1.61668957550224,-0.490783187605036,1
"127",-1.0457190059735,-0.0666507438184679,2
"128",-0.910739804933817,-0.282068488609421,2
"129",-1.21542144023829,-0.419373866506986,2
"13",-1.11077424781481,-0.586504603897579,2
"130",-1.12434254573092,-0.384982302051876,2
"131",-1.34213842593654,-0.302989584303155,2
"132",-0.735993537982992,0.148231663927161,2
"133",-1.81876156064688,-0.486536712205254,1
"134",-1.31349416868346,-0.448791640775538,1
"135",-0.860021514399598,-0.238294969900651,2
"136",-1.04396164747338,-0.38571461814275,2
"137",-1.01737610130043,-0.400552604651766,2
"138",-0.979435270315175,-0.500650328170642,2
"139",-1.92946344952703,-0.265138347401898,1
"14",-1.54580732643144,-0.716215492944479,1
"140",-1.31052426037097,-0.626874518138625,1
"141",-1.29881935499462,-0.305249563587754,2
"142",-1.2730350605147,-0.641209650713109,1
"143",-1.82189701463096,-0.431185429481327,1
"144",-1.40748272170341,-0.33164987561941,1
"145",-1.0196230103919,-0.290765518956351,2
"146",-0.938378986874897,-0.340764045459965,2
"147",-1.09723194398019,-0.407517173419385,2
"148",-1.38799119736951,-0.409600461145028,1
"149",-1.04276287622433,-0.211126191429483,2
"15",-1.44688138107559,-0.440128901217858,1
"150",-0.954877039528318,-0.220225557828222,2
"151",-0.846060728165919,-0.267469231732969,2
"152",-1.05977373881346,-0.434491223561139,2
"153",-1.52544889747085,-0.405233601320522,1
"154",-1.37538563022716,-0.0572039541253692,1
"155",-1.29302420221459,-0.356316525002835,1
"156",-1.19149815768206,-0.564155153945583,2
"157",-1.23545201870388,-0.181785358340601,2
"158",-1.54684342702526,-0.601226288062821,1
"159",-1.46189907189664,-0.382002638775075,1
"16",-0.824638257018456,-0.239357136829128,2
"160",-1.128935490295,-0.414140143978484,2
"161",-0.754209904156363,-0.435618562063574,2
"162",-1.29735234341465,-0.372485644603163,2
"163",-1.33689395939318,-0.395374208772076,2
"164",-1.18414956737186,-0.237266150682444,2
"165",-1.82151936641285,-0.557033213126462,1
"166",-1.47319953667039,-0.691289568490863,1
"167",-1.36058648802101,-0.275828412358243,2
"168",-1.19031605464719,-0.242493016810399,2
"169",-1.13890330502002,-0.508493686027121,2
"17",-1.04850112803605,-0.436953090918043,2
"170",-1.02529845989596,-0.393117346309138,2
"171",-1.17392103048137,-0.62143392392772,2
"172",-0.715115220464694,-0.234639042481179,2
"173",-1.48893119959104,-0.504467856514869,1
"174",-1.11411863605684,-0.476154840127121,2
"175",-0.904894195972385,-0.435929396774765,2
"176",-1.37192714349191,-0.5578733185625,1
"177",-0.81009752409841,-0.206988414928317,2
"178",-1.25287667441019,-0.36699070861908,2
"179",-1.60544906425151,-0.494772254606804,1
"18",-1.745653121637,-0.432562589813456,1
"180",-1.10826956173929,-0.621954727015432,2
"181",-1.3788401341146,-0.35971781852188,1
"182",-1.07697416964932,-0.446090962775578,2
"183",-0.828967728358135,-0.29479238187931,2
"184",-1.06530285485712,-0.318950868992337,2
"185",-1.00999191148078,-0.263961293200744,2
"186",-1.39127573634133,-0.348116357447791,1
"187",-1.49349413802651,-0.551793771246508,1
"188",-1.79002069865824,-0.481379939150144,1
"189",-1.06226278915379,-0.559936019626804,2
"19",-1.59203466684323,-0.257040704118174,1
"190",-1.20882360929366,-0.458442105940265,2
"191",-1.25162597673489,-0.5034304824753,2
"192",-1.18266210669208,-0.469950555703705,2
"193",-1.13581409930207,-0.269944659707225,2
"194",-1.69372064422262,-0.333332698587582,1
"195",-1.45077489030346,-0.443177738694359,1
"196",-0.84313023669951,-0.225098753184389,2
"197",-1.17540133499262,-0.0689211159631417,2
"198",-1.05283269527228,-0.767719414272684,2
"199",-1.01808426082823,-0.524951195164065,2
"2",-1.00011670318979,-0.531375312631498,2
"20",-1.31465191758496,-0.417233548186496,1
"200",-1.25844581967985,-0.18683364396661,2
"201",-0.981285447702047,-0.497394884216009,2
"202",-1.32885780439414,-0.537850028652628,2
"203",-1.13502305805815,-0.491293662122542,2
"204",-1.48066796754794,-0.433888343436893,1
"205",-1.04320349949897,-0.409313293035343,2
"206",-1.06071910961194,-0.263902009453256,2
"207",-1.29093119128487,-0.551519432171666,2
"208",-0.839109336622392,-0.332547057373075,2
"209",-1.32376532755157,-0.62921187088865,1
"21",-1.38178084768603,-0.429895333061549,1
"210",-1.58992896873918,-0.518309521226604,1
"211",-1.42390054056807,-0.333690851010364,1
"212",-0.71699383071504,-0.205432729923687,2
"213",-0.976806672359634,-0.422300817221814,2
"214",-1.37291341779631,-0.312628503807979,1
"215",-0.971372163221863,-0.221721538852421,2
"216",-1.82673548263289,-0.385197956425121,1
"217",-0.838588957057755,-0.481128730155827,2
"218",-1.27358575701771,-0.238027835248006,2
"219",-1.48234902753209,-0.461021132589591,1
"22",-1.3110447445062,-0.299985221250654,2
"220",-1.26531488307378,-0.543226333564416,2
"221",-1.19012091107447,-0.315974201244248,2
"222",-0.898090868940735,-0.0427780699737547,2
"223",-1.26600076052758,-0.16932449142578,2
"224",-1.75927074370529,-0.329051815768575,1
"225",-1.50397366721858,-0.56574626825171,1
"226",-1.42457100859149,-0.365510745120995,1
"227",-1.55148149895407,-0.343701294544969,1
"228",-0.930509852830009,-0.23807138491271,2
"229",-0.955881121392578,-0.530513532728866,2
"23",-1.34415179395322,-0.528209690231698,1
"230",-1.09112242050893,-0.153692688446167,2
"231",-1.28106678669884,-0.290731635378265,2
"232",-0.871154411497003,-0.436555286999456,2
"233",-0.768621775897561,-0.337636480385578,2
"234",-0.972847396164381,-0.289382741710078,2
"235",-1.00873903800743,-0.187720269148609,2
"236",-1.02843241672366,-0.71035842683229,2
"237",-1.05481085836462,-0.366228799370444,2
"238",-1.16299922644991,-0.455471131054752,2
"239",-1.03489591471853,-0.48945264931566,2
"24",-1.31394145620687,-0.26055556860006,1
"240",-1.21868936135256,-0.55839753419394,2
"241",-0.912372189978335,-0.487869319782123,2
"242",-1.70184008443069,-0.548941991670509,1
"243",-1.40821834991471,-0.365237741964276,1
"244",-1.22485138129307,-0.481676745866374,2
"245",-1.2115182351076,-0.494740555557216,2
"246",-0.822999426331345,-0.354374862348312,2
"247",-0.970062866428449,-0.536971328573245,2
"248",-1.06696394994965,-0.393532503164706,2
"249",-1.37680085081963,-0.344510716684125,1
"25",-1.32873059874165,-0.546949390580829,1
"250",-1.19779196482002,-0.288046382576559,2
"251",-0.663276591211522,-0.399322035039358,2
"252",-1.00250508176009,0.0408786229313373,2
"253",-1.43752258881295,-0.539871132334786,1
"254",-0.933733704186178,-0.446582995903786,2
"255",-0.730579465591749,-0.201096039887664,2
"256",-1.39447819402782,-0.387670901360792,1
"257",-1.13010686540142,-0.336665197671103,2
"258",-1.10273142835076,-0.502702776262135,2
"259",-1.07912038931467,-0.323972234712284,2
"26",-1.00508336231973,-0.284447270660384,2
"260",-1.12505054387811,-0.414002017154375,2
"261",-0.780267826755412,-0.24497978276423,2
"262",-0.594075979328628,-0.10569728258939,2
"263",-0.857117662239537,-0.469920042427906,2
"264",-1.08329452277885,-0.443120646028906,2
"265",-1.14886432158382,-0.381742868087285,2
"266",-1.88608037190907,-0.445620625687574,1
"267",-0.897091180854324,-0.405835764636754,2
"268",-1.34690607703836,-0.228956271099942,1
"269",-1.21716965713409,-0.233262487529725,2
"27",-1.38424100793022,-0.330788985982023,1
"270",-1.16567473776532,-0.50472128730685,2
"271",-1.17367316922042,0.0280762571636712,2
"272",-1.27774179393408,-0.269059469070304,2
"273",-1.4160181351304,-0.397450730046074,2
"274",-0.706264043140008,-0.241672891292579,2
"275",-1.24113643317888,-0.661152999877553,2
"276",-0.810602371609243,-0.474847245135231,2
"277",-1.41224341544857,-0.435893392850199,1
"278",-0.847153151419996,-0.48549126684702,2
"279",-1.06213228310539,-0.453216548130664,2
"28",-0.733655796056993,-0.407299697818585,2
"280",-1.27731408671115,-0.424576212170166,1
"281",-1.35035564510879,-0.518567605008827,1
"282",-1.04791372921511,-0.406664467494217,2
"283",-1.70567791150768,-0.292284638516383,1
"284",-1.68201294987882,-0.34573527581721,1
"285",-1.32805690398071,-0.352920557217156,1
"286",-1.28783157134464,-0.075604193580477,1
"287",-1.05897449517295,-0.482306843865576,2
"288",-1.662013391676,-0.493777237374387,1
"289",-1.74992580958464,-0.235106007203496,1
"29",-1.08255211745307,-0.365426764013379,2
"290",-1.81366175123819,0.0110360289213418,1
"291",-1.47245159833952,-0.367559557793181,1
"292",-1.11959504461562,-0.311443280410681,2
"293",-1.52592395729408,-0.157660281388002,1
"294",-1.30884597047344,-0.445763329776604,2
"295",-1.21793467464623,-0.348341543015749,2
"296",-1.91097345570684,-0.403184270830396,1
"297",-1.36882885693538,-0.505377210931118,1
"298",-1.28761163733,-0.281912574587346,1
"299",-1.449623418645,-0.18689921409604,1
"3",-1.24184744222263,-0.307345398487071,2
"30",-1.21420521349905,-0.455973344441174,2
"300",-1.57758230018092,-0.410817468238877,1
"301",-1.28310616717039,-0.481710470128889,1
"302",-0.931231039060897,-0.479583323554159,2
"303",-1.33445679936964,-0.24102446545128,2
"304",-1.40359949241155,-0.476847187638974,1
"305",-1.16330065233941,-0.401041330428282,2
"306",-1.50655925774474,-0.425032148043005,1
"307",-1.38293619691509,-0.338879162205691,1
"308",-1.24777733253154,-0.359103304764167,2
"309",-1.53909869648144,-0.469089802213315,1
"31",-1.10255013619832,-0.345559537706545,2
"310",-1.71900832334119,-0.440588638653116,1
"311",-0.870151337565577,0.0224510486668187,2
"312",-1.16650826875645,-0.389755946207756,2
"313",-1.33536372717879,-0.193443050506626,1
"314",-1.83814057697455,-0.371664794987546,1
"315",-1.28119307281326,-0.45723535985335,2
"316",-1.23005205726963,-0.45996509091218,2
"317",-1.58539905551479,-0.587065417113524,1
"318",-1.60611601593793,-0.601470460250709,1
"319",-1.54927472508825,-0.453499626208488,1
"32",-0.796221758589687,-0.314347499313553,2
"320",-1.12265827616469,-0.419353585997265,2
"321",-1.53867577311796,-0.518002838505215,1
"322",-1.28995602147241,-0.26012066342205,2
"323",-1.82333697850507,-0.225034323470531,1
"324",-1.56991231198302,-0.351915922708315,1
"325",-1.94277296401167,-0.376905528874156,1
"326",-1.47267040122663,0.0968134621098167,1
"327",-1.38064142980464,-0.363917901583734,1
"328",-1.37656780337579,0.00965967211741312,2
"329",-1.33737098543891,-0.386553960974427,1
"33",-1.42507427292862,-0.514888971675396,1
"330",-0.913717505850823,-0.33759521959197,2
"331",-1.73498532145507,-0.52234763305219,1
"332",-1.45379955435366,-0.396778824560115,1
"333",-1.91811339749927,-0.554253025061483,1
"334",-1.41458364653179,-0.219794899765398,1
"335",-1.57439380433785,-0.258912705250509,1
"336",-1.22070277496883,-0.500637558828209,2
"337",-1.21865944574494,-0.473887193739771,2
"338",-1.70263734394546,-0.323114816183205,1
"339",-1.21371731932576,-0.529703825938135,2
"34",-1.07003458875326,-0.357279679440158,2
"340",-1.46681042086878,-0.246719855380665,1
"341",-1.3884606197375,-0.186406549223948,2
"342",-1.58467737954717,-0.0429435334608982,1
"343",-0.989916220293078,-0.231108261519735,2
"344",-0.942808882848768,-0.333084705500343,2
"345",-1.54370090111251,-0.379763461470845,1
"346",-1.11830416601263,-0.506157398916855,2
"347",-1.50781760786607,-0.50575043155591,1
"348",-1.37228227043242,-0.479236379836914,1
"349",-1.54457061847283,-0.502981025525577,1
"35",-1.23718221942947,-0.666322051333865,2
"350",-1.42812913067734,-0.546183324324491,1
"351",-1.61086867744694,-0.307863803012599,1
"352",-1.9109096171909,-0.253230556719274,1
"353",-1.4182805626386,-0.345916507395,1
"354",-1.14910126855603,-0.07766297896987,2
"355",-1.50828706885689,-0.414982078691924,1
"356",-1.7341327633095,-0.383932975936912,1
"357",-1.5228376123627,-0.23075934307965,1
"358",-1.90967351797186,-0.392370842937548,1
"359",-1.58679985741904,-0.318355801003715,1
"36",-1.82008311677213,-0.139121433932327,1
"360",-0.815373406686815,-0.443513656564196,2
"361",-1.56149358038636,-0.437764162818221,1
"362",-2.0345756937321,-0.398771396620679,1
"363",-0.920048762145888,-0.0498172908772938,2
"364",-1.55196419498863,-0.341358333639936,1
"365",-1.12063927801169,-0.415253920920341,2
"366",-2.203619148888,-0.473725815623063,1
"367",-1.95446978908957,0.0998590229764273,1
"368",-1.66186465560044,-0.336384347229158,1
"369",-1.70306046950175,-0.616491175216343,1
"37",-0.90067163200791,-0.640068741671263,2
"370",-1.57845008449065,-0.569243845318344,1
"371",-1.62999548366248,-0.384413290064887,1
"372",-1.47774906814514,-0.319774407627901,1
"373",-1.23832245633292,-0.593566542472063,2
"374",-1.83486316702067,-0.470733766118126,1
"375",-1.74205268305588,-0.398394908432834,1
"376",-1.21263379556104,-0.5588998707857,2
"377",-1.34557415321216,-0.35802193836898,2
"378",-1.49163500596586,-0.342649992056872,1
"379",-1.99779171831232,-0.293283377593382,1
"38",-1.22073345820911,-0.422910649094969,2
"380",-1.84357307705126,-0.401737692921843,1
"381",-1.68391044620539,-0.333719520935043,1
"382",-1.22701001579106,-0.372761054919662,1
"383",-1.5209851782255,-0.401031403627163,1
"384",-1.65302081049393,-0.245909422740346,1
"385",-1.33258716786362,-0.424623361376504,1
"386",-1.39537273312383,-0.37484617398842,1
"387",-1.60965503545934,-0.49620685838647,1
"388",-1.17046789356049,-0.295209640957879,2
"389",-1.18933485008169,-0.500260960357759,2
"39",-1.41984878962572,-0.632250426348358,1
"390",-0.665636381192816,-0.210128600032585,2
"391",-1.47026413706138,-0.300957561351766,1
"392",-1.5908813455203,-0.341944726961412,1
"393",-1.40205328876723,-0.522653806647858,1
"394",-1.49443406059963,-0.393788412862716,1
"395",-1.59709977261135,-0.277140140403094,1
"396",-1.37144604366707,-0.116572521948923,2
"397",-1.91910398009078,-0.260695724415886,1
"398",-1.59048427700478,-0.298349844084796,1
"399",-1.7414731501696,-0.393101028943158,1
"4",-1.73249209229717,-0.657182629814764,1
"40",-1.05366592897363,-0.317959136309164,2
"400",-1.82173461323065,-0.4217013477168,1
"401",-1.96363912509769,-0.354075511727763,1
"402",-1.29258445902541,-0.346597630111901,2
"403",-1.33329854703125,-0.429888291980058,1
"404",-1.15942131757134,-0.195747494028452,2
"405",-1.14890197231706,-0.476208333757927,2
"406",-1.66944490945266,-0.242966636729152,1
"407",-1.66151939773772,-0.627513787777938,1
"408",-1.41449739487559,-0.473730027156658,1
"409",-1.17063725162933,-0.475716173114867,2
"41",-1.62234331157459,-0.424933816908674,1
"410",-1.41835989481091,-0.306641456605879,1
"411",-1.1079174915755,-0.531500754503168,2
"412",-1.34756635364255,-0.532657055713184,1
"413",-1.2156937173847,-0.328570209124581,2
"414",-1.54461147870947,-0.296253377992555,1
"415",-1.23232159247377,-0.360109324899246,1
"416",-1.00105133602933,-0.375919706699019,2
"417",-1.71949606477558,-0.446240711106356,1
"418",-1.38276667698347,-0.398323668178705,1
"419",-1.17668882739131,-0.578363064890755,2
"42",-1.22188507539245,-0.413751401217231,2
"420",-1.15426441822365,-0.290211811305381,2
"421",-0.82666088709032,-0.393196755841405,2
"422",-1.43518044006515,-0.412405934212372,1
"423",-1.49687999041914,-0.234470421582287,1
"424",-1.45574215680629,-0.382801697242454,1
"425",-1.4435815444649,-0.444414911903147,1
"426",-1.27141482512234,-0.391086941808177,2
"427",-1.68071956841222,-0.62857161357527,1
"428",-1.77356107291029,-0.35247398355832,1
"429",-1.31560528736342,-0.575087982526272,1
"43",-1.45681214108764,-0.331310970161828,1
"430",-1.27580122387372,-0.364635875421039,2
"431",-1.21023610183028,-0.484360856495272,2
"432",-1.63061723261974,-0.419874775445872,1
"433",-1.57135725464103,-0.280269788535331,1
"434",-1.68876817996316,-0.414975197878898,1
"435",-1.4707100051694,-0.290519469572437,1
"436",-0.807406883310632,-0.242911228497222,2
"437",-1.22491839691727,-0.486627826756114,2
"438",-2.31213741606775,0.427274809409882,1
"439",-0.868941484469854,-0.188054868764139,2
"44",-1.38683520012832,-0.493798858938026,1
"440",-0.933697652002615,-0.322783792359226,2
"441",-1.40404503218405,-0.306372984737551,1
"442",-1.44397384601168,-0.0985416084034983,1
"443",-1.63647370185016,-0.375124520345582,1
"444",-1.28317699724356,-0.396371665453712,2
"445",-1.18760490889177,-0.424743907075886,2
"446",-1.20806569563062,-0.353929510767464,2
"447",-1.48138006793374,-0.422939146460103,1
"448",-1.71328225824228,-0.354953877188584,1
"449",-1.49393681660562,-0.619072780752924,1
"45",-1.17680582366038,-0.553687038930359,2
"450",-1.05801404361748,-0.248829588460362,2
"451",-1.2486919969991,-0.494742997255728,2
"452",-1.05179566473994,-0.354842964184372,2
"453",-1.51766801614612,-0.409593209634678,1
"454",-1.6715773006465,-0.506405979451505,1
"455",-1.61673220647142,-0.353152899456474,1
"456",-1.45130578407526,-0.57338801658644,1
"457",-1.27797800174436,-0.336487500487249,2
"458",-1.53676718413048,-0.47712663292881,1
"459",-1.83177406396717,-0.384138825919459,1
"46",-1.22122866810908,-0.080237586804742,2
"460",-1.32122447103037,-0.322864184231392,1
"461",-1.05016481602403,-0.450937608311541,2
"462",-1.79705271075407,-0.499325081288018,1
"463",-0.787135855382089,-0.483057737487923,2
"464",-1.26364310666888,-0.342440945838514,1
"465",-1.64717792366861,-0.364881551847562,1
"466",-1.00303067887332,-0.42112577993414,2
"467",-1.85144011994848,-0.600571726965772,1
"468",-1.81971117916117,-0.232279884120132,1
"469",-1.37590782658043,-0.336924632637968,1
"47",-1.31974337094419,-0.609882785885982,2
"470",-1.69848371203827,-0.456952114650969,1
"471",-1.40328356348794,-0.256201110459854,1
"472",-1.073472381347,-0.291742249561324,2
"473",-0.939053632793118,-0.447067249717614,2
"474",-1.35525335951799,-0.489871960681346,1
"475",-1.45439872951595,0.0574060860525871,1
"476",-1.38107717168574,-0.375649621031762,1
"477",-1.60516649157136,-0.488509252549994,1
"478",-1.12586252575073,-0.587240510721627,2
"479",-1.67728948311648,-0.477963252208505,1
"48",-1.30271362494458,-0.369167439934483,2
"480",-1.3899572036627,-0.358262150818802,1
"481",-1.65276624112249,-0.598558499383902,1
"482",-1.38768840543713,-0.534331329020747,2
"483",-1.17518443631497,-0.225830409048242,2
"484",-2.09288536703765,-0.252306807211662,1
"485",-1.7039467371154,-0.469733499340616,1
"486",-1.64899769592593,-0.457370485259141,1
"487",-1.3992390230083,-0.393494973431501,1
"488",-1.45894642440523,-0.41501483530967,1
"489",-1.08701966520649,-0.510218654220975,2
"49",-1.50745352749243,-0.380342216475217,1
"490",-1.46978242257736,-0.578742216835014,1
"491",-1.75493756723978,-0.565132753460859,1
"492",-1.37275209996741,-0.255276807736216,1
"493",-1.28396475159887,-0.466884938596375,2
"494",-1.51412127933547,-0.581806723615791,1
"495",-1.15132448964511,-0.316472797610439,2
"496",-1.53341401185315,-0.528809475123661,1
"497",-1.13563774602338,-0.379973791750234,2
"498",-1.73094194157302,-0.47370903353125,1
"499",-1.36277465181158,-0.468262097073223,1
"5",-1.71465365427162,-0.392471472554484,1
"50",-1.45823009848357,-0.405165237295894,1
"500",-1.42656204514036,-0.523513722973024,1
"501",-1.37176981579714,-0.456063256799025,1
"502",-1.37251861116003,-0.487989115933337,1
"503",-1.32499676356852,-0.417777886409201,1
"504",-1.69404940675294,-0.314507766177633,1
"505",-1.68034092398574,-0.00102771868606785,1
"506",-1.46559568790072,-0.431823793639282,1
"507",-1.3142156845132,-0.500297608521372,1
"508",-1.68909364518671,-0.385756729916971,1
"509",-1.21252189629102,-0.311969517361531,2
"51",-1.34986502906025,-0.332461948363824,1
"510",-1.23194796342246,-0.348818937549358,2
"511",-1.63014566371131,-0.16718009919843,1
"512",-1.07534272507725,0.044249576343713,2
"513",-1.3347459393954,-0.563491236957829,1
"514",-1.37820392310164,-0.242410011211397,2
"515",-1.82540182649078,-0.432280324840751,1
"516",-1.59353874986136,-0.337344781804038,1
"517",-1.13907311674635,-0.354824630682477,2
"518",-2.17544045277833,-0.189048559805669,1
"519",-1.31447992582214,-0.229959564338051,2
"52",-1.34402598140904,-0.319987369775534,1
"520",-1.21230878693583,-0.441544165527345,2
"521",-1.29531550513922,-0.573188277849766,2
"522",-1.29420289578827,-0.411233486756257,2
"523",-1.41274826317861,-0.52776273977556,1
"524",-1.03239701050376,-0.357338653506104,2
"525",-1.41430470372633,-0.434835850680482,1
"526",-1.22962215820146,-0.296416878076928,2
"527",-1.18489712539144,-0.187208498835945,2
"528",-1.05650112758858,-0.274216181631204,2
"529",-0.919451015413697,0.00685794379183566,2
"53",-1.04208908367677,-0.277587719059176,2
"530",-1.70938287070106,-0.271259595978746,1
"531",-1.19402293305054,-0.346894463505615,2
"532",-1.48802474780176,-0.201118617756232,1
"533",-1.83570378098011,-0.415142408175327,1
"534",-0.925077858387312,-0.327421004603084,2
"535",-1.75416178543652,-0.231462665858028,1
"536",-1.25057160350393,-0.412841919112351,1
"537",-1.82300222629929,-0.462742454641661,1
"538",-1.54929540386374,-0.528823466299573,1
"539",-0.785168581706572,-0.321330482828172,2
"54",-1.96136803529344,-0.312135390219218,1
"540",-1.07694377866114,-0.447117789856054,2
"541",-1.07786089194089,-0.242334452233191,2
"542",-1.63317323411085,-0.360590821915946,1
"543",-1.35863576257096,-0.345229059448394,1
"544",-0.904013107612739,-0.185399241643303,2
"545",-1.55566531134396,-0.27084685912336,1
"546",-1.18807818564659,-0.374396525251141,2
"547",-1.09373187594335,-0.426645689054273,2
"548",-1.46773720504469,-0.471132961162244,1
"549",-1.28511837691705,-0.363200334968727,2
"55",-1.26814592706844,-0.35380210806881,2
"550",-1.26916792509211,-0.621934126685143,2
"551",-1.44334379669257,-0.199233086682122,1
"552",-1.71181199404785,-0.302857581904706,1
"553",-1.38187532753446,-0.35494927437766,1
"554",-1.13503057259674,-0.336647872780268,2
"555",-1.80826844829769,-0.501432430538538,1
"556",-1.8358609390045,0.18182879262984,1
"557",-0.86440574128688,-0.392726417336397,2
"558",-0.706669581007216,-0.466132368189514,2
"559",-1.50760022455791,-0.322778856347967,1
"56",-0.960336120753558,-0.499699920002007,2
"560",-1.14052043857138,-0.446367773048668,2
"561",-1.62278032888814,-0.323840700880447,1
"562",-0.807672129531769,-0.209043814660797,2
"563",-0.896760322401891,-0.090249213264806,2
"564",-1.44061985447975,-0.427778914760826,1
"565",-1.41878016648178,-0.4265203959598,1
"566",-1.54771709603572,-0.473885403796172,1
"567",-1.31730021044912,-0.291997745443489,2
"568",-1.74066051994617,-0.477300012451708,1
"569",-1.08055486973742,-0.309462572286159,2
"57",-0.849272086392924,-0.463555048301849,2
"570",-1.35436801014108,-0.422876962895629,1
"571",-1.39730771061806,-0.322538868408438,1
"572",-1.10734758828338,-0.283240258745114,2
"573",-1.19815115908411,-0.439454560671999,2
"574",-1.06902803301498,-0.433815000993325,2
"575",-0.693937548546445,-0.198053558168597,2
"576",-1.2227296481089,-0.460309735465301,2
"577",-1.004043114257,-0.324469307782818,2
"578",-1.65957230961204,-0.545846947187974,1
"579",-1.21882899101004,-0.315369859725399,2
"58",-1.0617538441731,-0.177040624275514,2
"580",-1.51983150216422,0.0316328955453718,1
"581",-1.33421595223668,-0.623196676688551,2
"582",-1.45335901379472,-0.122231110530794,1
"583",-1.44366601652515,-0.409880678147954,1
"584",-0.935016973652253,-0.165044771017916,2
"585",-1.72787971539296,-0.256107734414626,1
"586",-1.25728009514233,-0.0477305350050325,2
"587",-1.02627531139911,-0.00479161494019699,2
"588",-2.11910156178851,-0.360816906923677,1
"589",-1.33987648784759,-0.45698851718171,2
"59",-1.97932084173219,-0.319471135526683,1
"590",-1.04651617529375,-0.384118616966384,2
"591",-1.34619738531673,-0.149844254936674,2
"592",-1.49697335382688,-0.238186315106951,1
"593",-1.76703915667895,-0.502016002690576,1
"594",-0.908596073602303,-0.4852586005217,2
"595",-1.45097599772026,-0.499066501434669,1
"596",-0.978298058619748,-0.287683722746634,2
"597",-1.18817369596601,-0.463265697547251,2
"598",-1.47512684577533,-0.452780970981504,1
"599",-1.47701261552151,-0.358643749879086,1
"6",-1.46557606881125,-0.321921041809637,1
"60",-1.55320909819928,-0.333210529400302,1
"600",-1.37917061496699,-0.225169639434665,2
"601",-1.55517276018661,-0.409104552690196,1
"602",-2.2674543845754,-0.553638312893211,1
"603",-1.78107525681604,-0.332745295246778,1
"604",-1.63833259729702,-0.162974958659401,1
"605",-0.908075357653877,-0.246219552395403,2
"606",-0.940851725749415,-0.227238307043589,2
"607",-0.871353476447315,-0.0678790358117075,2
"608",-1.39472442824703,-0.343100973269935,1
"609",-1.82357954407854,-0.438710803833736,1
"61",-1.67054237248963,-0.277178827489793,1
"610",-1.12647458563767,-0.368683790742871,2
"611",-1.06330805505491,-0.402028219803997,2
"612",-1.45562766520932,-0.334509127515967,1
"613",-1.73727164292002,-0.211487091127529,1
"614",-1.38006287720972,-0.207846407328787,1
"615",-1.31208980148133,-0.472274011701064,2
"616",-1.06402518867979,-0.456788534840476,2
"617",-1.40567287227982,-0.435390738842721,1
"618",-0.936243935635721,-0.207392686024562,2
"619",-1.36484387372002,-0.144084212732786,1
"62",-1.3373791837527,-0.545856861739645,1
"620",-1.50331130017003,-0.471843689722922,1
"621",-1.18836661747109,-0.496446474593229,2
"622",-1.11467080277213,-0.399294545418964,2
"623",-1.63906130415872,-0.402791008498583,1
"624",-1.75402079617858,-0.42042395574931,1
"625",-1.01953847817163,-0.286573581091678,2
"626",-1.42619203171116,-0.500315614340078,1
"627",-0.929903205878801,-0.273169587962469,2
"628",-0.728886211863995,-0.433234073890167,2
"629",-1.222040289992,-0.493312966480833,2
"63",-1.26719610975536,-0.49173978139172,2
"630",-1.17777627851744,-0.34255205992193,2
"631",-0.754391300010797,-0.348804782802114,2
"632",-1.13177894844672,-0.379902495321689,2
"633",-0.755200222285784,-0.26145681137129,2
"634",-0.976429939518357,-0.335982660360699,2
"635",-1.13219544217119,-0.590061418422805,2
"636",-1.0008463844668,-0.328273681499334,2
"637",-1.27742017270939,-0.381508756451506,2
"638",-1.46138248846917,-0.356727396814278,1
"639",-1.27147210182354,-0.216541599328471,2
"64",-1.43957138483159,-0.198320828115156,1
"640",-1.14442662728984,-0.300921500584226,2
"641",-1.01420007579559,-0.624093267132742,2
"642",-1.07225260469437,-0.624339714602832,2
"643",-0.932257971043064,-0.453246522152387,2
"644",-1.37022279248227,-0.433642723706799,1
"645",-1.4257294196831,-0.257355300042885,1
"646",-0.561857651157468,-0.41355748174612,2
"647",-1.1018312277702,-0.549647729865489,2
"648",-1.08669887824565,-0.471985387234929,2
"649",-1.53083263743812,-0.172274158530309,1
"65",-1.39593660739564,-0.619695550362243,1
"650",-0.770857851050704,-0.495695648602531,2
"651",-1.50349616997843,-0.288182770748785,1
"652",-1.17178234937133,-0.490528154691316,2
"653",-0.847519840937587,-0.401538474215397,2
"654",-1.1500699800065,-0.57857579054537,2
"655",-1.34398487700618,-0.418766684946119,2
"656",-0.623007792086429,-0.387189201581587,2
"657",-0.735414224099257,-0.427624006376668,2
"658",-1.13015914215567,-0.626122004222026,2
"659",-1.40767790383825,-0.421486070256197,1
"66",-1.47501827280646,-0.467704045725763,1
"660",-0.980530787829107,-0.358319550476138,2
"661",-0.7021239882596,-0.423316743359385,2
"662",-1.32038250227523,-0.211454128334313,1
"663",-1.22186962726358,-0.343773932895974,2
"664",-1.12685648362754,-0.30652367707885,2
"665",-1.34439318269577,-0.496800997256536,1
"666",-1.13328442581022,-0.374098650135409,2
"667",-1.37891265280569,-0.312672833705662,1
"668",-1.41823311614044,-0.210592246854198,1
"669",-1.50250481779695,-0.217614040138663,1
"67",-0.882668028324236,-0.388551067469257,2
"670",-1.37342828834581,-0.51465719730662,1
"671",-1.65258820500255,-0.43704602929759,1
"672",-1.48962407885676,-0.537579947825803,1
"673",-1.16114401649417,-0.497154634632619,2
"674",-0.828217381908109,-0.155651835236596,2
"675",-1.38254985898077,-0.293585138664014,1
"676",-1.35510745444244,-0.390433587048689,2
"677",-1.16472724758265,-0.166295247310085,2
"678",-1.43026963425357,-0.491845503854674,1
"679",-0.912590240156284,-0.547071653167901,2
"68",-1.55016151483256,-0.221041136943184,1
"680",-1.31854914997816,-0.288872994364989,1
"681",-1.40707431480958,-0.283469074236162,1
"682",-0.592728921983313,-0.388127980800925,2
"683",-1.04008514799594,-0.275726546924027,2
"684",-1.23266445102899,-0.259777247699997,2
"685",-0.839633613924154,-0.550738993931354,2
"686",-1.05839774924579,-0.40511305980245,2
"687",-0.935575434075666,-0.637619866917557,2
"688",-1.51824191389834,-0.505843581181901,1
"689",-1.24518403856369,-0.411346935819956,2
"69",-1.11301100679343,-0.354125591971053,2
"690",-1.28698316429275,-0.362841333807451,1
"691",-0.960363035131181,-0.645450382469893,2
"692",-0.642362762590402,-0.35887055118942,2
"693",-1.05607702323097,-0.366079074553349,2
"694",-0.609492345172055,-0.139335110602075,2
"695",-0.999593013669501,-0.204781330598593,2
"696",-1.8239460106131,-0.471793496034271,1
"697",-1.1451368484009,-0.294731318530885,2
"698",-1.67079512367514,-0.320298204866016,1
"699",-1.33344602039134,-0.562585242599993,2
"7",-0.97035497800726,-0.484033207134419,2
"70",-1.63600975818669,0.0143585304677267,1
"700",-1.43285449179765,-0.519350011340022,1
"701",-1.32251150458402,-0.359357020282657,2
"702",-1.45525340888534,-0.543833287910689,1
"703",-1.79965970687586,-0.628753868434715,1
"704",-0.658938229441326,-0.348564927976031,2
"705",-1.19710665288318,-0.111404036854407,2
"706",-1.06786042328374,-0.480730542349554,2
"707",-1.13060240743551,-0.36506017814848,2
"708",-1.46229771039656,-0.380456554368132,1
"709",-1.36667070215626,-0.47855539079282,1
"71",-1.83942026784863,-0.397419891980239,1
"710",-1.5209860354506,-0.539160501428385,1
"711",-1.59397625596677,-0.322689631197831,1
"712",-1.05674993512267,-0.282454007626577,2
"713",-1.73562999352349,-0.399818264195678,1
"714",-1.41921358919182,-0.397037704698828,1
"715",-1.82557143200158,-0.394585660749366,1
"716",-1.55363531756596,0.237508907003754,1
"717",-1.50756138165066,-0.611257486367609,1
"718",-1.16258773420457,-0.295249948227267,2
"719",-1.5520908060685,-0.44990581726441,1
"72",-0.717970800432777,-0.311090635401442,2
"720",-1.23630364684888,-0.380350830713812,2
"721",-1.11444798006399,-0.192881837008226,2
"722",-0.985987889394143,-0.464638415730002,2
"723",-1.49349794547921,-0.50406277070129,1
"724",-1.36431451559675,-0.382199470701571,1
"725",-1.26920736947733,-0.376524471709002,2
"726",-1.15146841976501,-0.481964938540845,2
"727",-1.34514108245261,-0.510745105365828,2
"728",-1.01433690875414,-0.465239555139791,2
"729",-1.46892603718304,-0.462621870322274,1
"73",-0.979737348487142,-0.42764312259296,2
"730",-1.28774290072124,-0.512110141612506,2
"731",-1.87736002278243,-0.29160220749671,1
"732",-0.737576073531858,-0.138118224728923,2
"733",-1.30287920550018,-0.307160016044944,1
"734",-1.03030763147617,-0.431183811973069,2
"735",-1.53681571093194,-0.37452792809992,1
"736",-1.08520643446968,-0.0873261517315833,2
"737",-1.59019198283989,-0.363545053962409,1
"738",-0.802229467154041,-0.353604188325278,2
"739",-1.34703004117364,-0.323480628089348,1
"74",-1.07627586096118,-0.153551915255933,2
"740",-1.96135723133631,-0.4637018077352,1
"741",-1.24268523747493,-0.321034486417128,2
"742",-0.662061356649173,-0.276745942231685,2
"743",-1.08887465382312,-0.309273886820765,2
"744",-1.45721803761801,-0.461695444212402,1
"745",-1.45671957308912,-0.447050839857983,1
"746",-1.63643289301067,-0.397011812353445,1
"747",-1.16404549716593,-0.375702932732932,2
"748",-1.4392015200013,-0.529231849161713,1
"749",-1.34537548858241,-0.440376782895758,2
"75",-1.4310706851219,-0.466771258364615,1
"750",-0.893735836866181,-0.416405836634589,2
"751",-1.08228046876981,-0.441102696661878,2
"752",-1.04303861070233,-0.585540682879128,2
"753",-0.933208983061659,-0.37662238516381,2
"754",-1.04618785242009,-0.497743343966093,2
"755",-1.10158721530303,-0.455864303385006,2
"756",-1.27513957340164,-0.338627970707151,2
"757",-0.981477868972753,-0.125663638003784,2
"758",-1.28791138711393,-0.374135779156992,2
"759",-0.847325160255427,-0.429119453523923,2
"76",-1.01813230931972,-0.383796643793357,2
"760",-1.31519077405323,-0.302410198115348,1
"761",-1.17758731184351,-0.567156929905081,2
"762",-1.25426008908593,-0.309286991351878,2
"763",-0.911596664380899,-0.459619594173778,2
"764",-1.97893014396413,-0.381788456826346,1
"765",-1.13702512037227,-0.419578885254796,2
"766",-0.860902950227562,-0.219202553424962,2
"767",-0.781271232393419,-0.482171994624842,2
"768",-0.610172564237587,-0.0654879090820396,2
"769",-1.33077460202965,-0.518524733194906,2
"77",-1.60886133089879,-0.314769683971952,1
"770",-1.48094074552333,-0.351277298909023,1
"771",-1.62657584082854,-0.301848651120838,1
"772",-1.70527687324108,-0.347556554320818,1
"773",-0.99606681231281,-0.374539134799396,2
"774",-1.47725625153547,-0.246165323068812,1
"775",-0.607965442935328,-0.186463341517496,2
"776",-1.63312627164132,-0.327568893001072,1
"777",-0.96414685657373,-0.189487566542342,2
"778",-0.904654983735753,-0.380927318404534,2
"779",-1.045199870304,-0.353398510584735,2
"78",-0.531925215097868,-0.229664188730531,2
"780",-0.542665568585383,-0.383757430540578,2
"781",-0.711198264695976,-0.254237588524888,2
"782",-1.91834225060665,-0.501801452544098,1
"783",-1.38216293225707,-0.245977333780868,1
"784",-0.409777145670292,-0.293972547482199,2
"785",-0.990690164314318,-0.529933178919688,2
"786",-1.31533491789603,-0.29077696488617,1
"787",-1.27100980224362,-0.406128634677481,2
"788",-1.29652665846874,-0.547418540855029,1
"789",-0.785954341946106,-0.271554550156355,2
"79",-0.991954080969617,-0.324631724024768,2
"790",-1.16571103967324,-0.322189643053037,2
"791",-1.27649920424234,-0.587337887741627,1
"792",-1.54826786849026,-0.395226145697831,1
"793",-1.28346505865645,-0.249250572329934,2
"794",-1.41533551532332,-0.316036881271479,1
"795",-1.24470150350174,-0.624355682700903,2
"796",-1.4375540748349,-0.477370934132125,1
"797",-0.997268018463803,-0.338651988594212,2
"798",-1.1496429309297,-0.470479324404316,2
"799",-1.71785805285068,-0.292924593939746,1
"8",-1.24527146139934,-0.405670005121291,2
"80",-1.42820054207087,-0.379178496145967,1
"800",-0.677594148429551,-0.275736415794005,2
"801",-1.34277519338229,-0.471899731218802,2
"802",-1.15677534016009,-0.192648486229364,2
"803",-1.95278574644916,-0.47979048619582,1
"804",-1.23123795709856,-0.412029537057654,2
"805",-1.26610692199242,-0.329175098083697,2
"806",-1.28619290446763,-0.358060870763583,2
"807",-1.14070012868909,-0.537593991878444,2
"808",-1.38319069553625,-0.241361163431467,2
"809",-1.27465778195681,-0.232997361853942,2
"81",-1.40704964708144,-0.461323430578072,2
"810",-1.16515256398097,-0.253460101940504,2
"811",-0.924867068226059,-0.475897985998699,2
"812",-1.25473041876162,-0.306244262393782,1
"813",-1.4849757290659,-0.230289727056304,1
"814",-1.00826719996508,-0.308354116522003,2
"815",-1.30539822300144,-0.430433300173728,2
"816",-1.40082230307652,-0.303016046725744,1
"817",-1.33853162014874,-0.319575501013462,1
"818",-0.777895923458177,-0.287083185868065,2
"819",-0.831437375862965,-0.377134143648103,2
"82",-1.28344609542394,-0.232826224447057,2
"820",-1.05228215435214,-0.0884197957873621,2
"821",-1.29436656710652,-0.599573420518859,2
"822",-1.00151718799964,-0.407597596532174,2
"823",-1.07241504092825,-0.398121818545718,2
"824",-0.944632752457054,-0.339830039547151,2
"825",-1.11571929094936,-0.414499372145127,2
"826",-0.907167322843928,-0.427115404379683,2
"827",-1.07537920433789,-0.234846346348826,2
"828",-1.14454678073553,-0.548300185312475,2
"829",-1.15958010163215,-0.398264209379545,2
"83",-1.23910978246883,-0.468279383779238,1
"830",-1.35683417274108,-0.334649555106718,1
"831",-1.18849575211113,-0.283816461346162,2
"832",-1.3424433433557,-0.364112670871234,1
"833",-0.904481379040884,-0.230958688019754,2
"834",-1.31247050869274,-0.586864040135508,2
"835",-1.27950745633487,-0.158786419605055,1
"836",-1.52554488737713,-0.461967129702906,1
"837",-1.0461421460117,-0.623403507289586,2
"838",-1.1464227217554,-0.528907244024178,2
"839",-1.03855207674112,-0.558870324051929,2
"84",-1.04553824249692,-0.600958354279907,2
"840",-1.29160167868677,-0.399280174228397,2
"841",-1.63384436038744,-0.382521224845651,1
"842",-0.779079274372822,-0.20332321245914,2
"843",-1.33479729909538,-0.354351284721849,2
"844",-1.63118223354472,-0.369642175270519,1
"845",-1.63199152585849,-0.233568535419831,1
"846",-1.46478710837497,-0.452997094346893,1
"847",-0.938164289518397,-0.441299090356338,2
"848",-1.18777327863093,-0.438802505149801,2
"849",-1.74972583305767,-0.45082442541031,1
"85",-1.46958183836411,-0.684334822626369,1
"850",-1.12792884527256,-0.390154048119665,2
"851",-1.39942020567069,-0.419654327307902,1
"852",-1.08604422368969,-0.326726308905086,2
"853",-1.36446170800034,-0.412143790431899,1
"854",-1.2098646825661,-0.404082699953001,2
"855",-0.933124410340497,-0.390516939622806,2
"856",-1.31554651277644,-0.252772934945779,2
"857",-1.40992328100405,-0.244541786520486,1
"858",-0.957427460199244,-0.501059820101109,2
"859",-0.945613867121914,-0.443742536270098,2
"86",-1.63421680950301,-0.405604038549887,1
"860",-1.83959598206322,-0.325525035956591,1
"861",-0.905550742518519,-0.293477032230733,2
"862",-0.404424958232376,-0.20918899092928,2
"863",-1.08847021640976,-0.45910097433186,2
"864",-1.79421653521359,-0.379374195030774,1
"865",-1.05003990833404,-0.282582386330831,2
"866",-1.12677464974386,-0.563368662143129,2
"867",-0.860178715521757,-0.0470467844307061,2
"868",-1.03252103059173,-0.418691544181217,2
"869",-1.14066492725476,-0.327261044235392,2
"87",-1.32963091470222,-0.326004933025102,1
"870",-1.47386790615272,-0.413513621547084,1
"871",-1.54240905482322,-0.480602946134091,1
"872",-0.851161801658116,-0.135521844762137,2
"873",-1.13100792720126,-0.415567096398017,2
"874",-0.8724910001892,-0.461764111138311,2
"875",-1.26426399615092,-0.367526852833371,2
"876",-1.47322463118847,-0.487899663557815,1
"877",-1.04845834423174,-0.515796645791199,2
"878",-1.37837068983575,-0.448491778185052,1
"879",-1.07201814577689,-0.132002123660694,2
"88",-0.953761526416228,-0.189172173568967,2
"880",-0.932322890234115,-0.409809039308825,2
"881",-1.42206192199939,-0.0822016950642963,1
"882",-0.624421976443506,-0.26643941923111,2
"883",-1.23121351510035,-0.342059191308675,2
"884",-1.08824727263571,-0.357184159942815,2
"885",-1.00558392637101,-0.0441107917252537,2
"886",-1.41692035894085,-0.178448507053753,1
"887",-0.922636331403042,-0.318971431941837,2
"888",-1.49521230912125,-0.514525346370972,1
"889",-1.86720208412084,-0.504845555029105,1
"89",-0.914473132009865,-0.126578220219487,2
"890",-0.700224683418681,-0.42748350626347,2
"891",-1.1274853770652,-0.355275318143929,2
"892",-0.242583809864033,-0.0785688496578437,2
"893",-0.678011120319804,-0.48252443322668,2
"894",-1.17186024504799,-0.368892877610768,2
"895",-1.1774789320808,-0.357591450178285,2
"896",-1.0768820287666,-0.339465855295607,2
"897",-1.37717729986768,-0.451296517633738,1
"898",-1.48909454333546,-0.09117485624675,1
"899",-1.37005676642736,-0.499427070235189,1
"9",-1.4597352543785,-0.268064190611086,1
"90",-1.08954659720158,-0.512345914964018,2
"900",-1.66030749699245,-0.483969741886769,1
"901",-1.14294353565103,-0.472794423919288,2
"902",-1.70539452874094,-0.463531673928814,1
"903",-1.37699865322508,-0.378152326363825,2
"904",-1.4781060965837,-0.485672966991702,1
"905",-0.752535815597223,-0.528682855466717,2
"906",-1.47143290437537,-0.242133737980472,1
"907",-0.953964777226305,-0.392802438521203,2
"908",-0.844922616075075,-0.267586305214651,2
"909",-1.30650130927213,-0.468207311665538,2
"91",-1.09884692302021,-0.352678302683806,2
"910",-1.27521501263059,-0.366643265802322,2
"911",-1.29192634990104,-0.415915147630096,2
"912",-1.42417049560046,-0.340968420651847,1
"913",-0.987291437096922,-0.36282443400678,2
"914",-1.27909632543877,-0.629151389795004,2
"915",-1.25986999594139,-0.21413559923493,2
"916",-1.16849258322804,-0.418717043176691,2
"917",-0.907175030044383,-0.332698497559107,2
"918",-1.78422184353317,-0.254041569078519,1
"919",-1.51790337660933,-0.278661330415829,1
"92",-1.31417918827183,-0.341280847021932,2
"920",-1.67043443716972,-0.166514564133917,1
"921",-1.07870358772429,-0.43927168700263,2
"922",-0.971667633969904,-0.593204923663594,2
"923",-1.45155235064584,-0.397220138743877,1
"924",-1.28491971663031,-0.613876494459887,1
"925",-1.37108324860563,-0.456307871864333,2
"926",-1.06805384919553,-0.579971326603057,2
"927",-1.45111769060365,-0.446252937161644,1
"928",-1.16626504874184,-0.441707174688945,2
"929",-1.56809286516064,-0.335339808071146,1
"93",-1.06650359964407,-0.301052830054382,2
"930",-0.679926179215784,-0.134786513487466,2
"931",-1.06658912456699,-0.567146158792367,2
"932",-1.68458022361874,-0.329225653616999,1
"933",-1.28310604696939,-0.315667766607906,2
"934",-1.14692367815393,-0.504185565230382,2
"935",-1.16844601441151,-0.451543881582208,2
"936",-1.63935334496445,-0.365982368307781,1
"937",-1.08561588160239,-0.577932742240682,2
"938",-1.17186129271302,-0.431018593427639,2
"939",-1.26761979405975,-0.338181987616649,2
"94",-1.39264540076841,-0.592885810817375,1
"940",-1.15645100612793,-0.439959416464647,2
"941",-1.01829628254979,-0.253709201963496,2
"942",-1.59189997841742,-0.598408441807195,1
"943",-1.20440643034077,-0.563627239572352,2
"944",-1.13905095878365,-0.328581868387204,2
"945",-1.16961785845685,-0.468252210039355,2
"946",-1.28440866107475,-0.204594455094057,1
"947",-1.27111993069733,-0.311131693971408,2
"948",-0.950186925922816,-0.450494555368551,2
"949",-1.25563013180055,-0.227895970106237,2
"95",-1.91305999985479,-0.43465673631743,1
"950",-0.989263489134997,-0.407952144856903,2
"951",-1.08018587949456,-0.584345360506653,2
"952",-1.20875069595705,-0.481824610039502,2
"953",-0.985787772632592,-0.237225644094875,2
"954",-0.790026325531179,-0.535262739624716,2
"955",-1.40410334762363,0.0445452063089928,1
"956",-0.991627422241114,-0.280179604070318,2
"957",-1.52146081359139,-0.418708911346836,1
"958",-1.09013283906199,-0.541276987013008,2
"959",-1.80034108088798,0.0841464919608155,1
"96",-1.58312203007375,-0.333150391556526,1
"960",-1.18529419253156,-0.487605987585459,2
"961",-0.805436149707226,-0.239563680496323,2
"962",-1.86672189357892,-0.272875712311755,1
"963",-1.75271443772207,-0.426649468271103,1
"964",-1.40879599519072,-0.486276595709182,1
"965",-1.31040456783208,-0.351896419588634,1
"966",-0.760171243086038,-0.197938944547698,2
"967",-1.26074186458664,-0.358304343098642,2
"968",-0.874001540867496,-0.0609270818129379,2
"969",-0.978017520929895,-0.297586732458076,2
"97",-0.995777195536709,-0.207284939849144,2
"970",-1.62085711952653,-0.587484444537191,1
"971",-1.21592695951001,-0.428737186739517,2
"972",-1.25246175890816,-0.327642814557538,2
"973",-0.451942746936739,-0.270557254197862,2
"974",-1.53364052517983,-0.207635712518743,1
"975",-1.28648285416138,-0.406588670125056,2
"976",-1.53424021046344,-0.185371466245555,1
"977",-1.23657372398322,-0.417463471251861,2
"978",-1.2684296770121,-0.350509530356415,2
"979",-1.13667881372098,-0.369820406856266,2
"98",-1.16597579946319,-0.263250817447841,2
"980",-0.730784808061848,-0.202576868728516,2
"981",-2.28879330718119,-0.269730661039321,1
"982",-1.26447457668735,-0.375228460241102,2
"983",-0.898505724972974,-0.184785521470575,2
"984",-1.45081955987734,-0.254410768439737,1
"985",-0.914016591265655,-0.340368769640512,2
"986",-0.912729760046582,0.0279895214473227,2
"987",-0.978715135589385,-0.339996236115689,2
"988",-1.24184570811823,0.134798840837193,2
"989",-1.20667837428618,-0.185168612046222,2
"99",-1.69061431244281,-0.567403783420915,1
"990",-0.977107140958952,-0.433442708757335,2
"991",-1.22606976993464,-0.00331568759283524,2
"992",-1.23666447336557,-0.336157464986275,2
"993",-0.380047288380245,-0.11408048584561,2
"994",-0.962807204687713,-0.13871319063451,2
"995",-1.16966944231734,-0.39489180536916,2
"996",-1.6233591292139,-0.242715700472809,1
"997",-1.13470215254053,-0.509108750472406,2
"998",-1.71407692019905,-0.210890971928463,1
"999",-1.00806060254968,-0.32607364801092,2
