id,pca1,pca2,k_means
1,1.2578174837560778,0.3954950442395915,1
2,0.907920148590732,0.5710958812832325,1
3,1.1862020913961253,0.5094310345172571,1
4,1.6669200302460836,0.14154464099519748,0
5,1.629861826720018,0.6806884670239979,1
6,1.4158721507498637,0.3214087240384569,0
7,0.7275063688108967,0.9019316945272235,1
8,1.1692339445340723,0.5787430624478054,1
9,1.2681383980064087,0.6632782818499096,1
10,1.5962513781922076,0.17424648649982094,0
11,0.7972260914214762,0.6365161219068427,1
12,1.0290969810832333,0.6835491279047875,1
13,0.9906316032594801,0.5500419198454112,1
14,1.3961811044722947,0.4991718014764798,0
15,1.316391720038564,0.6435825173205535,1
16,0.7195376873150706,0.4862061752332053,1
17,0.9851069879688977,0.5619099305241093,1
18,1.7135341349055364,-0.12125012508171189,0
19,1.426306471589192,0.7505720694527738,1
20,1.1968853061984288,0.2998202888641393,0
21,1.2542751747629994,0.7234109686224578,1
22,1.3174294581085144,0.1256476105549012,0
23,1.1451093767207368,0.890352059211835,1
24,1.2816153436793596,0.07972103398205296,0
25,1.2224626568418047,0.14134458555094478,0
26,0.9334623926911336,0.4599859528216561,1
27,1.2295769992021837,0.7163339678218594,1
28,0.7058607312464555,0.4196073597571182,1
29,0.9613583840838127,0.6329791905159639,1
30,1.1478650230612106,0.2347402051229925,0
31,1.0370033465280926,0.5129816486311736,1
32,0.7456696285124638,0.41428652666917887,1
33,1.3037144203614934,0.633846434532366,1
34,0.9196490791156757,0.5408684370312448,1
35,1.1144908987395232,0.6381246381488455,1
36,1.832733690127083,-0.20701549647057735,0
37,0.867582875486411,0.5763980134107547,1
38,1.0918751929836503,0.6503026814708748,1
39,1.278567042339488,0.8725786679911298,1
40,0.9645586415411441,0.5394992661473246,1
41,1.48169673064006,0.39048374439529077,0
42,1.03632588410475,0.7548906837958745,1
43,1.3540666208198626,0.6238075093258604,1
44,1.0879719161617936,0.9054179725959912,1
45,1.0412263877153856,0.7738050841645114,1
46,1.2596307325649905,0.148534648511663,1
47,1.2909810044041876,0.6377477997297758,1
48,1.22273554515706,0.5954664669658929,1
49,1.4547861111215006,0.5027267190874332,1
50,1.3059794599824937,0.7692572839190044,1
51,1.2391401525632428,0.6289558256720054,1
52,1.1186958517483152,0.8399187777504,1
53,0.9681027734118505,0.4655585445952283,1
54,1.721950284015544,0.7471487545189823,0
55,1.2037477935930012,0.4441949492543458,1
56,0.8035616633725611,0.622789853749919,1
57,0.7579407735465074,0.5936839411278735,1
58,0.9924677226314249,0.3912773444265707,1
59,1.7567821635481866,0.5398118284431285,0
60,1.5372696692015775,0.38906372838901526,0
61,1.6118893781807433,0.49062546826767306,0
62,1.2160048553854619,0.47503273161432846,1
63,1.1707653779769873,0.5676610821810415,1
64,1.4633310165630895,0.09860537852771348,0
65,1.3560919188999807,0.4132904729090689,0
66,1.2930316047339327,0.8513727741877701,1
67,0.8364294289585326,0.39871765520869695,1
68,1.477875347388966,0.4241717700419645,1
69,0.9656013270992756,0.5731610831434953,1
70,1.6753424413467441,0.15028166829328538,0
71,1.7745607653227324,0.047492899312105374,0
72,0.6978179277122157,-0.06179956014151805,1
73,0.8393771456068675,0.6624225413616756,1
74,1.1358771088701238,-0.03909794941277295,0
75,1.3222321257460452,0.38616461339985775,0
76,0.9510138635607558,0.5002361017143373,1
77,1.372778003795653,0.7533738690924736,1
78,0.44094337405220413,0.38427837975144247,1
79,0.9814766828941717,0.37747244620189147,1
80,1.2609049617750212,0.6661011809359756,1
81,1.3653992784128612,0.545611822734224,1
82,1.2432701433289641,0.39807571148894394,1
83,1.070316887696169,0.6081999833968494,1
84,1.021189044109182,0.5720713339916013,1
85,1.2061125247765014,1.0395804125894768,1
86,1.5173800497907142,0.6752647577208187,1
87,1.1593343907839306,0.4741113458501638,1
88,0.9243631017079139,0.35127459188983395,1
89,0.8582988968393638,0.35551106610454636,1
90,1.0235772553130007,0.3920422652664577,1
91,1.0392927821796618,0.4875454166620326,1
92,1.2160150240965626,0.5036744090131241,1
93,0.8237386080616702,0.8257418372780669,1
94,1.212429611265441,0.9172945820194411,1
95,1.7213185241844347,0.32420175032341914,0
96,1.5588595468865516,-0.04104681195699458,0
97,0.8593256950312052,0.3269470846526448,1
98,1.117630652802322,0.11854749390727463,0
99,1.5291811141899831,0.8534471365988796,1
100,0.9971571392837542,0.17275117079957542,1
101,0.9426266682265385,0.7491831908529137,1
102,1.1289584851990213,0.079220603444353,0
103,1.2495599670732447,0.29106285052295405,0
104,0.331389903355006,0.4308705923483455,1
105,0.9986667191635847,0.5451919062059781,1
106,1.4050510556569384,0.44870848106519845,1
107,0.71249093456086,0.11471146501376778,1
108,0.6866284281635521,0.31033001072601496,1
109,1.236832652762972,0.6856679354737752,1
110,1.2625936525274832,0.32372592872763295,0
111,0.8152869502341271,0.8276189141792984,1
112,0.7236725119640883,0.2942004000940893,1
113,1.259571937733385,0.6400835594283679,1
114,0.9212440398630646,0.709819378392256,1
115,0.844978626168807,0.8047447042723914,1
116,1.534674657373178,0.16675410013636616,0
117,1.4590650571228887,0.7199191042725235,1
118,0.6911695344763052,0.6907246711402545,1
119,0.8393191385965659,0.4465231124495065,1
120,1.3854750980580341,0.9037937413060773,1
121,0.9223852678456679,0.5245217639158122,1
122,1.2386357114192046,0.4570624644159872,1
123,1.1607314286633472,0.620993905041654,1
124,1.3876644404848326,-0.008916430316871282,0
125,1.957635602917105,0.07483114935750773,0
126,1.5334632641017352,-0.008885556794320904,0
127,1.0809846829258993,0.009287783120134424,0
128,0.9007557169834564,0.2128671510236765,1
129,1.1496547376360708,0.5118944575821963,1
130,1.0272618892005745,0.6230862200623494,1
131,1.2594350340292748,0.5707961192298133,1
132,0.8548002896482978,-0.0492420215674372,0
133,1.6206214026095007,0.6516898036289284,0
134,1.2658009440177826,0.24457250488579996,0
135,0.8259763193439109,0.2910378795084467,1
136,0.9031738166028962,0.6678716549316985,1
137,0.9103308756527362,0.5656370837232018,1
138,0.8148170983015222,0.757218108078257,1
139,1.7159058493604675,0.8856040448668963,1
140,1.184757643741458,0.5811968260157268,1
141,1.234887705320079,0.5262529668706224,1
142,1.0271481926009338,0.9938003572505602,1
143,1.574587099204832,0.8700648514198391,1
144,1.2014862729907794,0.8187771696408014,1
145,0.8338349692847569,0.28112077999946905,1
146,0.9156172554417286,0.4169615535937695,1
147,0.9722767779217443,0.6156449015129024,1
148,1.2570826303662805,0.713334148189714,1
149,0.9567575235853827,0.3567360036075935,1
150,0.8744663744582677,0.4470730941429335,1
151,0.8300848191001049,0.3348511460184085,1
152,0.9490503734067314,0.2835432120059698,1
153,1.346118132468553,0.5850030305768069,1
154,1.3394674180270298,0.24800339758867873,0
155,1.1274398205472256,0.6174925613327041,1
156,1.187106771931748,0.522212530775932,1
157,1.216848728608018,0.2580048209132312,1
158,1.3380474892294298,0.9964292092598762,1
159,1.2616250719649227,0.8107303167358308,1
160,1.0409097653747057,0.27303770186639875,1
161,0.6885455579449812,0.5177716621879633,1
162,1.2303522694383355,0.5548158856795575,1
163,1.2362144487059674,0.6431912278787655,1
164,1.089511182741259,0.5171982680543115,1
165,1.8042260696654528,-0.06294126129592928,0
166,1.205985913623699,1.140891055636035,1
167,1.350989349702067,0.27596660398804757,1
168,1.12541470385538,0.3974317674457503,1
169,0.9739493306157336,0.7853330179722388,1
170,0.9734036519846088,0.24631062441318166,1
171,0.9743433443525218,0.9194154145715818,1
172,0.5946304387252012,0.48782118967601024,1
173,1.346525487573602,0.8090972092577897,1
174,1.0848483568044367,0.3719565082560211,1
175,0.7521601500796951,0.5222398554068752,1
176,1.2260658568136136,0.8277374970820538,1
177,0.7165776141873136,0.4128318182057958,1
178,1.1753327662267679,0.5757507373441006,1
179,1.5124112948336619,0.33272953946272976,0
180,1.0954021957480133,0.5674009040241319,1
181,1.2768271194927925,0.33634278141187435,0
182,1.0117924163070269,0.37169731426992003,1
183,0.7895046813921289,0.3868457785556507,1
184,0.8736596399849609,0.6947182879598388,1
185,1.0062999799766303,0.35050598762026536,1
186,1.2595133281575106,0.6618999547835194,1
187,1.3250918684401998,0.8479403155323852,1
188,1.5565777303983093,0.6803136796681182,0
189,1.0378056293440239,0.23614404188631427,1
190,1.0326118660062442,0.8127796172966122,1
191,1.1662596916741623,0.6195412113638918,1
192,0.986303447675886,0.8409677189334235,1
193,1.0857814315760679,0.20717572175277796,1
194,1.621799357802273,0.027540487552651455,0
195,1.3568914858945629,0.49880829576907043,1
196,0.8117366164195161,0.17328706889052645,1
197,1.2307296050070815,-0.19591278797637507,0
198,0.8672115547125316,0.9422288644136718,1
199,0.9057009218238368,0.6959275904497346,1
200,1.247022000764743,0.23940338706530684,1
201,0.8369922670597718,0.7250049226545995,1
202,1.2410749446165028,0.702573337078227,1
203,0.9022263356265596,0.7994744178213649,1
204,1.3407572238718943,0.6639658400630529,1
205,0.9323114885061887,0.48026755148480116,1
206,1.0826931738677144,0.18059731139787005,1
207,1.1904253749174865,0.7360607822916927,1
208,0.6887713847474753,0.5477470323664094,1
209,1.0729101215560688,1.0359416236362615,1
210,1.4629556318422812,0.3534797319499495,0
211,1.3086877767667624,0.6287577691255986,1
212,0.6405507927211995,0.2930287450862562,1
213,0.801713131600023,0.7330418669493124,1
214,1.3321521099289577,0.23841810051915577,0
215,0.9000118771982711,0.26725163548484926,1
216,1.743176574507765,0.1785337117143735,0
217,0.7253748747653248,0.6298590303064543,1
218,1.1765982179345789,0.5480428645697204,1
219,1.3465401951039717,0.7702771104154378,1
220,1.069599781584348,0.8843017064591802,1
221,1.1228145793152269,0.5277833254934394,1
222,0.9196771583701464,0.14142079379561245,1
223,1.159207194832928,0.5106746692570892,1
224,1.6849577028054523,0.06105489110201401,0
225,1.4605388946607492,0.3832105129053105,0
226,1.407732671009057,0.1421767431040191,0
227,1.4051886367443287,0.6467888122160794,1
228,0.8546390111476707,0.4288599546019837,1
229,0.8831316004293843,0.5903365344289657,1
230,1.0573120298077812,0.1691936118974694,1
231,1.145809783122917,0.6620428685491443,1
232,0.7425367171070969,0.5873986723676791,1
233,0.6413972934600509,0.523785333488963,1
234,0.9102543646304876,0.17034020969663521,1
235,0.9055041664779451,0.46627107998781875,1
236,0.9814405523056143,0.5524191138529784,1
237,1.030932769614188,0.44619155676696365,1
238,1.0905719607404807,0.5580622603239337,1
239,0.8970439900327185,0.5905448751798362,1
240,1.0691476439058434,0.7704973507697939,1
241,0.7792869747204456,0.6754157134364767,1
242,1.5177016163725996,0.31748298147481047,0
243,1.3358330161272396,0.5729579262033105,1
244,1.253395273953833,0.4416638296043871,1
245,1.0473987178689534,0.7922806368823216,1
246,0.7644492327921414,0.477360070972138,1
247,0.7512182136246907,0.7406082292855269,1
248,0.9311798349304983,0.669455680357414,1
249,1.2787667434636087,0.3633098889007209,0
250,1.1093220296861452,0.5415120192416624,1
251,0.5066796121677815,0.6161523227356266,1
252,1.0326280216787607,0.19631945718144653,0
253,1.1978952812470904,0.9901108096417635,1
254,0.9229829646446871,0.43685318845111165,1
255,0.7456055704260232,-0.060897275704178105,1
256,1.2431818825485312,0.6680002161369872,1
257,1.075963538728668,0.4977256430764499,1
258,0.831854725656245,0.9684873993374241,1
259,1.0424831527993672,0.4443002483978853,1
260,1.0171303515026797,0.6131415441119931,1
261,0.6903314053560032,0.3890788639646189,1
262,0.5408130998956286,0.27395153786452087,1
263,0.6654582355241998,0.7624033541626176,1
264,0.8544136342788144,0.8647707717430871,1
265,1.1030777902621247,0.23746338045635199,1
266,1.6702928390626175,0.46762020239072594,0
267,0.8641470536133482,0.4678997240208769,1
268,1.245558676679091,0.5141023319505639,1
269,1.1973855857211468,0.39116167019769826,1
270,1.0653339315982029,0.661163371762351,1
271,1.2541505578213403,0.0004414598938285996,0
272,1.3015392560895263,0.33066202549916407,1
273,1.3849795579003885,0.5389833194571492,1
274,0.5481317512499713,0.546665763227016,1
275,1.0350385531986004,0.966676468721755,1
276,0.683666628680151,0.6352794640218475,1
277,1.2432721884023028,0.86249453842135,1
278,0.7917028094334759,0.5109660966890319,1
279,0.9649951025248344,0.6275851618273913,1
280,1.035921503693146,0.8868608908248433,1
281,1.290614916494891,0.37005436403149683,0
282,1.0322862327103852,0.4473405155801441,1
283,1.5200563543116647,0.868895340459908,1
284,1.6574421305544589,0.22325992710705567,0
285,1.1476068185058546,0.559760579140434,1
286,1.1559674401653266,0.37357045843998443,1
287,0.9260221698548063,0.6463326727421855,1
288,1.5417732390877776,0.182720410134003,0
289,1.569177343868601,0.7408082230884734,1
290,1.8519879666906753,-0.07048400604323168,0
291,1.2784695726439237,0.8190790063578036,1
292,1.1387696838726589,0.17096651974917088,1
293,1.2883448695226978,0.789204085922146,1
294,1.297128675712177,0.17913848517783534,0
295,1.1155167132385646,0.5292014945866508,1
296,1.7288961826672953,0.739655213268149,0
297,1.2633317179821457,0.4175324096685925,0
298,1.2182433716220928,0.24133407207463076,0
299,1.449393110014887,0.35930097820309154,1
300,1.512052426533264,0.3348257878808899,0
301,1.1930268958819028,0.28241773612415355,0
302,0.8696245169729948,0.5291368484877239,1
303,1.260221668597898,0.5097869173681788,1
304,1.2888165934501354,0.5430579178690527,1
305,1.0029720475851052,0.7165712023254696,1
306,1.3059906314375946,0.8723296876280465,1
307,1.279236781537005,0.6134530530023183,1
308,1.2137702185378614,0.31152734057697185,1
309,1.3599026186151741,0.7701306016826394,1
310,1.4751915537799416,0.9017892338675662,1
311,0.9255562940957067,0.11395362071829523,1
312,0.9392568986319625,0.8668933887129707,1
313,1.2144196671994816,0.3525594564680398,1
314,1.8220909999515857,-0.05747005206773717,0
315,1.2987234130980012,0.4318251223905864,1
316,1.2259349376225266,0.28625441663814827,1
317,1.2927096645761742,1.1608014500013524,1
318,1.4214658184040494,0.9663337282909057,1
319,1.3489002604377867,0.8946284222934058,1
320,1.0609743001448388,0.5454615469048849,1
321,1.3984529673760209,0.7104872898687564,1
322,1.3197553178901478,0.20745807850906,0
323,1.775238344937362,0.05107349413093626,0
324,1.5474611965739302,0.3079599298840091,0
325,1.8047851096114533,0.6101299440958035,0
326,1.5418656206842627,-0.17140220083027313,0
327,1.2644127874547821,0.406042952816083,1
328,1.466650315754602,-0.038716158279269636,0
329,1.1941184526233006,0.72206702636522,1
330,0.8860938499161143,0.4108702554645548,1
331,1.5630120206768447,0.4994387877618051,0
332,1.251205602049002,0.6517614970455204,1
333,1.813119639754221,-0.02972811177862761,0
334,1.2546216674033204,0.6723659694733531,1
335,1.4204983346301974,0.6340344861183342,1
336,1.1213729188414194,0.5947609818402606,1
337,1.1255024505335602,0.49975408506299795,1
338,1.65938806157298,0.31660497413066513,0
339,1.2105173136373257,0.5268220925287994,1
340,1.428182812397362,0.4602463448792013,1
341,1.3901630949483637,0.2891622021083481,0
342,1.5601469235913834,0.10395323047853522,0
343,0.8308299968967084,0.5918049093141682,1
344,0.9431136835408431,0.2096849184077683,1
345,1.3704941480290627,0.22779661744938057,0
346,1.0417863453630358,0.612758028646897,1
347,1.2867993554235346,0.9709072764806953,1
348,1.1840939693792811,0.824872186075416,1
349,1.4790299679184216,0.5994677770415915,1
350,1.3329729171055644,0.13489703926124197,0
351,1.483143960907834,0.5628747669555545,0
352,1.6966240581487018,0.8882915675943417,1
353,1.3415616276976516,0.5973045053036897,1
354,1.1190117782659106,0.1407705992333103,0
355,1.4245207023862414,0.29817330519348473,0
356,1.6118701831572964,0.08997831221961239,0
357,1.4709150622799148,0.4638562829848819,1
358,1.8855528427893669,0.031488875823665774,0
359,1.5487437389939296,0.278923713810282,0
360,0.7667155956600518,0.2681160936211415,1
361,1.4174471914379736,0.5088397337496448,0
362,1.9409087757491,0.01931222919066447,0
363,0.892775222887816,0.045776942661705664,1
364,1.4481285406572781,0.6124788372946084,1
365,0.9869652483402673,0.6791685474516336,1
366,1.9390667394066132,0.5637704015535469,0
367,1.9150935289391928,0.4868252146345587,0
368,1.6113475315319752,0.6217746224408718,0
369,1.5398556970522983,0.8052788831247201,1
370,1.385976660433051,0.6824393766041533,0
371,1.5989729011515275,-0.22190531238629288,0
372,1.3358941377081794,0.5472734681871223,0
373,1.1684305496011653,0.39336427318265743,1
374,1.7543603399619658,-0.11654230359393514,0
375,1.5094579759066726,0.938222493574054,1
376,1.0564470877702192,0.8079983178488066,1
377,1.2623351036900003,0.5336677398298392,1
378,1.5038588428944775,0.23729320453458375,0
379,1.9161476576089396,0.1562082426264962,0
380,1.6343675256771855,0.6497317034215868,0
381,1.5150461731993643,0.4744775016608129,0
382,1.1628110007736718,-0.14593457159789117,0
383,1.3322213455741816,0.8178277994600814,1
384,1.6493143017863652,0.02291614912020283,0
385,1.159679685556415,0.7649138462623472,1
386,1.2754916819266753,0.6776728255766412,1
387,1.4514390820861458,0.6303511889881979,1
388,1.1826970801737224,0.3323194195382595,1
389,1.0199635913548781,0.6893583775988688,1
390,0.6547609781179693,-0.013499114298282364,1
391,1.4817562327110434,0.3662142240065834,1
392,1.4134734423505106,0.7261708155692511,1
393,1.2178828643160855,0.8731993315072174,1
394,1.2374980128604594,0.9551565930118394,1
395,1.4499930025944106,0.696718880277712,1
396,1.396696388776066,0.11175842490151132,0
397,1.748224857282446,0.7953847190212261,1
398,1.5828794500129588,-0.03401225065035804,0
399,1.7485195009151941,0.11641568275293798,0
400,1.661131318711937,0.5663827476178612,0
401,1.8599550519065304,0.5382592734908137,0
402,1.1950597697229666,0.5441978888306717,1
403,1.2843907203965923,0.23230108414787584,0
404,1.2185273252530218,0.08038484968826017,0
405,1.1381834971621323,0.16633406341685614,0
406,1.5007162231000049,0.7612878151349582,1
407,1.4843582047905775,0.7550433755982517,1
408,1.3191596462116513,0.6858376549535747,1
409,1.0851495401170932,0.4319105145819946,1
410,1.4045341601897148,0.19858055024334267,0
411,0.8001166512717047,1.0099044842621414,1
412,1.1934173787385594,0.8206399614335624,1
413,1.1577394060762176,0.18110461271730638,0
414,1.4517477437049815,0.4512204830040638,0
415,1.092837665431935,0.3551269629309732,1
416,0.9771329972730642,0.4091569457143923,1
417,1.6129253134481334,0.27312136028831957,0
418,1.3126513861663014,0.2822134171929458,0
419,1.0187917655071905,0.7567793231312725,1
420,1.1192977366152779,0.3079485291057842,1
421,0.7886712333895476,0.1607474936768272,1
422,1.3791202638788733,0.44585680713541276,0
423,1.4417622021518999,0.26140011521358025,0
424,1.3475755565771146,0.5089176259573881,1
425,1.3979342747196464,0.39580119485550946,0
426,1.2152566217009981,0.5709423488779465,1
427,1.6013666336602284,0.11203713714213209,0
428,1.6670773901554452,0.2818476275568016,0
429,1.14064280560587,0.6005886251149567,1
430,1.1952173853834815,0.4967246937627575,1
431,0.9875484081833235,0.860064808421557,1
432,1.5175323231521205,0.5571999646573265,0
433,1.4499614204842453,0.060146337476167766,0
434,1.6371259566177758,0.6375045608961735,1
435,1.326280556933795,0.6734553413206968,1
436,0.7431224572355568,0.19929265339806418,1
437,1.1470241313365261,0.3055518078524062,0
438,2.3044341810286038,-0.6217670972170757,0
439,0.7008815666226395,0.5921458058408785,1
440,0.8413419854751765,0.4872988979415731,1
441,1.3676532399566967,0.23896502817838983,0
442,1.4720351523515185,-0.07875278408168003,0
443,1.53318452601584,0.3956709000399406,0
444,1.2371745580345557,0.4229570629273244,1
445,1.108107412919637,0.495285173296806,1
446,1.0740023306392255,0.6605525148700532,1
447,1.3833329765557885,0.2579782587510732,0
448,1.6256528801075207,0.16488287863254525,0
449,1.3782203167918534,0.3682059423681231,0
450,1.0775360982664488,0.20302763362396148,1
451,1.126870639195483,0.7188285396400266,1
452,1.0180265885625892,0.30075064137440827,1
453,1.3964569078697076,0.19750448327580478,0
454,1.6467728571860647,0.2681793328577858,0
455,1.5482042350493992,0.05332307382632648,0
456,1.1972652358333824,1.0701315763116783,1
457,1.2625310292386247,0.1481059312050142,0
458,1.4181486379156405,0.5000982651556123,0
459,1.6272891096518092,0.9114443697464496,1
460,1.178126620220668,0.6733202666408891,1
461,0.9858753633593105,0.344039565524381,1
462,1.7311664746149176,0.05783004963081401,0
463,0.7310622941096194,0.3890703542448676,1
464,1.1438238192633237,0.28805737355346117,0
465,1.5829091525618413,0.0973321276830922,0
466,0.9194041819863854,0.5603178508816391,1
467,1.7208385011408693,0.1984164614975031,0
468,1.8311413477192169,0.02879476548451454,0
469,1.317122175480857,0.43112275110038706,1
470,1.59271877088409,0.26075349230718703,0
471,1.39978796845412,0.07341600366182204,0
472,1.0352391160353003,0.22466855889495602,1
473,0.776175459567907,0.6883924320160261,1
474,1.352959709347592,0.09163357419499717,0
475,1.45315145298959,0.036814310627814845,0
476,1.3335090392748477,0.41015095662016404,1
477,1.505021710002873,0.23716069957401614,0
478,0.9780962458508525,0.8005661616139235,1
479,1.5069453667238957,0.48028210660303855,0
480,1.2932636075653807,0.4840083973159915,1
481,1.5658349138644634,0.2868007642113754,0
482,1.2873504115365513,0.7370318170786021,1
483,1.1516438559458755,0.3346379006906102,1
484,2.0782241283704534,-0.30373407159154003,0
485,1.5440796205197775,0.4738807149988037,0
486,1.6491838084013293,0.07819755984788813,0
487,1.2946454806822296,0.5705875542700568,1
488,1.4070842473522183,0.4788655054933501,1
489,1.0122798695529842,0.39887703509934924,1
490,1.4252526279884,0.4675971989483171,0
491,1.5985851569208092,0.3334705115833149,0
492,1.3280778222560885,0.36691336296166244,1
493,1.1560470886097787,0.6819623508919006,1
494,1.368974187111493,0.5514729107222631,0
495,1.112771861640154,0.26635175383952936,1
496,1.461984606728199,0.16068976161757131,0
497,1.1543558983136475,0.26919075342400267,1
498,1.6917783199232712,0.19538777369921734,0
499,1.1344573167885392,0.6914942745199093,1
500,1.3474289874911658,0.32828833629164084,0
501,1.2896546512010034,0.6201777025409662,1
502,1.3255989694682975,0.25223709079112433,0
503,1.3083717803902042,0.03603033813184511,0
504,1.6879880178561257,-0.05430565230984226,0
505,1.5084408112852306,0.6405619294389775,1
506,1.2778723834415247,0.619125978078166,1
507,1.1991463470570305,0.4609843006419413,1
508,1.6926351410437297,0.43624286379223876,0
509,1.1283860116393047,0.5431512896531181,1
510,1.1819393126750979,0.045963295461719095,0
511,1.574095770962148,-0.13636343328001205,0
512,1.1369977985386557,-0.05031277384518666,0
513,1.3144076930605915,0.03220702896608875,0
514,1.378546205223457,0.2791090994981551,1
515,1.8055020939968935,0.0010878814456996427,0
516,1.473295521217405,0.30656373497082184,0
517,1.0206344915196168,0.5419053330430171,1
518,2.179365526990119,-0.18571237433869495,0
519,1.2440737177591132,0.4789073928226132,1
520,1.104494521177891,0.45382922037220047,1
521,1.156940806636906,0.8019350776271053,1
522,1.2682209455170543,0.2151952135166822,0
523,1.2993448615408556,0.7232647663904865,1
524,1.0017654168390315,0.40331752522286135,1
525,1.4207114537233807,0.1695332507722071,0
526,1.1653808699284331,0.47785568527627986,1
527,1.180742351015798,-0.07908282067288028,0
528,0.9191820214895984,0.6199659742067661,1
529,0.9487174444656005,-0.09372321171758309,0
530,1.5593453715795256,0.7468605249196894,0
531,1.1534030034180163,0.4640337042286722,1
532,1.3881485599764054,0.2680743996049892,0
533,1.8145947078908684,-0.20464980746372546,0
534,0.9423942231033426,0.19926341577230347,1
535,1.6778940949833991,0.5860041607925273,1
536,1.2187280752301608,-0.03852866301545055,0
537,1.6127285375895295,0.9700778889349848,1
538,1.3800771068208868,0.6709114872931992,1
539,0.7362804331240717,0.40391108325552116,1
540,1.0838232952915288,0.39125018167483033,1
541,1.0522916601755625,0.25408684186032776,1
542,1.6015503767257713,0.35277401330604385,0
543,1.3369478934458345,-0.020098544835980114,0
544,0.7746818888090463,0.4762568593041817,1
545,1.546623937965776,0.047839702969208225,0
546,0.960514996882607,0.850963693158296,1
547,1.0254999372926719,0.3944524331382946,1
548,1.3065321890814199,0.7872216989042861,1
549,1.2193314491820613,0.5520566899881076,1
550,1.2016986220093877,0.655512204394552,1
551,1.3724124872764967,0.42583432221787837,1
552,1.556746361290954,0.7538196086330563,1
553,1.2801611753702051,0.48072565728042027,1
554,1.098564546629055,0.39810824894693997,1
555,1.7561038391304646,0.08631112385940158,0
556,1.850322408170237,0.3287900871074364,0
557,0.8080387381722824,0.4658146493269011,1
558,0.69905142495855,0.33126267465145853,1
559,1.456497886142381,0.455131566518116,1
560,1.0231375297932204,0.6344746930551165,1
561,1.548904192332434,0.16075454750401763,0
562,0.7228454137246343,0.4017957027814154,1
563,0.8178773122136394,0.29323749852030795,1
564,1.3781564608648467,0.608501490188276,1
565,1.290878251834832,0.5072778934777032,1
566,1.3970321801074563,0.5946621999612461,1
567,1.302269116216185,0.2122252031411397,0
568,1.6572585834474167,0.34085754958789255,0
569,1.0813739600587793,0.30317203852116936,1
570,1.2403404087571115,0.1689607288186096,0
571,1.3973801543830593,0.19026746126361305,0
572,1.0863191888334383,0.210842086016289,1
573,1.1954955544258223,0.4657300341541333,1
574,1.068351306981468,0.42066810557898987,1
575,0.5501504028625588,0.37146630928343644,1
576,1.1649898353967392,0.5946916937882898,1
577,0.9199962911372344,0.4935025911818603,1
578,1.423500009303043,1.0343090931095251,1
579,1.2250503663357852,0.01773933530140595,0
580,1.4860191043844573,0.39386503548825286,0
581,1.269689847964226,0.7104832561915242,1
582,1.4852242540784746,0.16295986223335998,0
583,1.3359180879224566,0.6739965690015468,1
584,0.9015692567503375,0.08026580976680202,1
585,1.7737980771596922,-0.01459655166472093,0
586,1.2698437264253666,0.20164721421961662,1
587,0.9732422070929083,0.19643427536857408,1
588,1.8461105945313077,1.0804235247404965,1
589,1.3443701763092277,0.3109685536119613,0
590,0.9396078144786266,0.5914759011089625,1
591,1.3878879330282863,0.25311745345123293,1
592,1.4185036770308974,0.20292624630391065,0
593,1.5382547776351392,0.8326918089985071,1
594,0.7891815213016482,0.649700647523069,1
595,1.3136722712726447,0.7844367709965677,1
596,0.896817595601958,0.46450965893247476,1
597,0.9720064625970732,0.8594401073489579,1
598,1.3188402501859833,0.36193777964405816,0
599,1.3722550672397507,0.6567595622719762,1
600,1.3420987373118933,0.40365328020968017,1
601,1.4431792936085914,0.6803120586558143,1
602,2.070270183153033,-0.001070692669578488,0
603,1.5890513290961739,0.8775618625562116,1
604,1.4874861783821087,0.5248032685817978,0
605,0.9096296172050112,0.23796433434809292,1
606,0.7978154524533438,0.5476762510462792,1
607,0.7715575049671011,0.37095118401042243,1
608,1.2238247319157778,0.6495839253474776,1
609,1.726639941199072,0.2573316437359806,0
610,0.9920825408554497,0.6653798616224225,1
611,0.9499384960532925,0.6266303724974687,1
612,1.303995179126358,0.7259591485608732,1
613,1.6321452252226645,0.32278231098756743,0
614,1.2319151422790293,0.5208481945861397,1
615,1.3008938189394414,0.523349192467145,1
616,0.9143008545371238,0.7132391340197337,1
617,1.2845447953444316,0.7088635855023921,1
618,0.9056158985033171,0.3323152009350166,1
619,1.1955717817201144,0.5780402359464204,1
620,1.3553569008324835,0.8069539009354435,1
621,1.00442034827017,0.6129230794920834,1
622,1.1141111452201167,0.34238845786149985,1
623,1.5645383248835545,0.35673615022445104,0
624,1.5798799375976649,0.49426659706676085,0
625,0.9731864066805263,0.42038833705482553,1
626,1.2384326206506402,0.8740578933354746,1
627,0.9360493151923763,0.31163247254173176,1
628,0.718002732624146,0.3723841225033493,1
629,1.0972797514151975,0.7130613909847213,1
630,1.0762031155304606,0.2189690675977599,0
631,0.581377731006469,0.6572755026442396,1
632,1.0021334400272015,0.5442600525348992,1
633,0.660044671468605,0.45185048273924755,1
634,0.8364285840947245,0.625706054626029,1
635,1.0066716631190085,0.7533640336007996,1
636,0.9633907435158025,0.39248369080072465,1
637,1.11847798068735,0.7156220654464822,1
638,1.3709867191774123,0.16878521824766396,0
639,1.1197287258715785,0.6537137482182482,1
640,0.9859966786588779,0.5569532895015111,1
641,0.9081473658533454,0.4615989002586849,1
642,0.9507879324947097,0.7533860049530705,1
643,0.7202662686676904,0.7830424697602001,1
644,1.2571837296541228,0.6874200837144172,1
645,1.296491337722328,0.6509584029235667,1
646,0.5165545961172859,0.4160226919331147,1
647,0.8746070980914293,0.8774355634902493,1
648,1.0622492811946853,0.5086900998519278,1
649,1.4170298302794162,0.5551304743572663,0
650,0.6773070182695407,0.4468043419549862,1
651,1.358882731409929,0.3339517344007872,0
652,1.063745292949016,0.6983028396080364,1
653,0.6446476108382375,0.5601903717686766,1
654,1.0150183788286986,0.7799470233687962,1
655,1.2493969216276755,0.6456765138100642,1
656,0.4288288913306041,0.6347318923077686,1
657,0.690024649289964,0.25941894668910465,1
658,1.0711375689548337,0.6583465924140167,1
659,1.3174850979649122,0.6635574513519543,1
660,0.8746731600630706,0.5432799247462607,1
661,0.6359368656021247,0.4523186331823223,1
662,1.2619010166937532,0.20974001094076075,0
663,1.133009488370718,0.525734546457418,1
664,1.04333638358514,0.4681796486083427,1
665,1.1635338575091851,0.6345816852379358,1
666,1.0541198949823962,0.557621866027076,1
667,1.242144408564782,0.6914662250070582,1
668,1.255378027803364,0.6875804988925018,1
669,1.4358318777745833,0.5090618860868543,1
670,1.198538814747821,0.8631463753890568,1
671,1.4342773552989876,0.9582541612923338,1
672,1.3130871397012056,0.8800817749105616,1
673,0.9821215673940704,0.8112796166515598,1
674,0.8071614309348787,0.09455158156960783,1
675,1.2712294189315363,0.5943724386857558,1
676,1.298349262068213,0.5747066284565229,1
677,1.0271033768544702,0.2893472532180854,1
678,1.2247021191183394,0.9051316574525082,1
679,0.7514435575693943,0.7485035262174198,1
680,1.1806580931479478,0.6445507213689432,1
681,1.309625013768707,0.5865626738326127,1
682,0.524659443247047,0.4497221404781986,1
683,0.8987239273659047,0.5915255891429535,1
684,1.063079026857328,0.6728639924586715,1
685,0.7507641444301577,0.6135721495803422,1
686,1.0176104663722925,0.34427831638848905,1
687,0.8645831034735292,0.6410017275905552,1
688,1.2973963387612066,0.9330587331722993,1
689,1.0894150559351454,0.6891277700842514,1
690,1.0976012774436468,0.7610360795256359,1
691,0.8580903616518591,0.7114778997869642,1
692,0.4956497438657609,0.5304392882865087,1
693,0.9540670579599186,0.5619630742364061,1
694,0.49381685814081205,0.38695061537893216,1
695,0.8938263385193856,0.44559398287330165,1
696,1.5761052000275324,1.0438365999344206,1
697,0.9863992911643334,0.6851658783671079,1
698,1.4662439630932138,0.8526695559197659,1
699,1.2562260580777407,0.6043846713305192,1
700,1.2405036965649334,0.9031005721491517,1
701,1.2501783997806366,0.5263326638935137,1
702,1.2911007278322215,0.6682922056507403,1
703,1.5023809386221225,1.2187746922094023,1
704,0.6361610393350865,0.3329683918850462,1
705,1.1430734019687065,0.27772155018355593,1
706,0.922904101066621,0.623341384477567,1
707,0.9982248593236189,0.5902266517427909,1
708,1.412012023392902,0.1698929233701885,0
709,1.2637179262954183,0.5464025009710709,1
710,1.2538562908756052,1.0620406419564672,1
711,1.515422288480851,0.6059601319565918,1
712,0.939731585106764,0.4837336378039792,1
713,1.5553099650962778,0.8647807465424693,1
714,1.2926268944424695,0.71721349247002,1
715,1.6668900399291502,0.7632510017016274,1
716,1.4928186922940787,0.3374277250902822,0
717,1.2795695289313236,1.027694295376825,1
718,1.0817966313377179,0.5179657947815399,1
719,1.4008160674739378,0.8043057339063355,1
720,1.0731898110948594,0.71814383697186,1
721,1.043653857325634,0.31207760559413444,1
722,0.9264829107217779,0.49202626577787517,1
723,1.2857264439128033,0.9422632083437943,1
724,1.1763775340707783,0.7900888109827257,1
725,1.1698654926600915,0.6123132852060196,1
726,1.0630157180919837,0.6252533659643036,1
727,1.3021413205990076,0.6174587291543505,1
728,0.9595394370209308,0.5431913996791342,1
729,1.3421039793067426,0.7547722066128102,1
730,1.273073351547144,0.5404243393863053,1
731,1.751543558158921,0.7458844439186041,1
732,0.6452963181717286,0.36298116888884563,1
733,1.17135954724833,0.4180636903055661,1
734,0.9015627157049327,0.468530993534994,1
735,1.3464080498200408,0.7908217159021467,1
736,1.0179744684865752,0.3735326310242207,1
737,1.4333783947830163,0.7465481211491939,1
738,0.6099577912426735,0.693811137831888,1
739,1.2079760445284942,0.6753753815068544,1
740,1.7227892913915666,0.557884777186531,0
741,1.1184835474794816,0.5220781121245566,1
742,0.6057749541320798,0.3297030083817772,1
743,1.0525696224970666,0.4218686746164134,1
744,1.2885605307719925,0.7631056632153614,1
745,1.3983194017820093,0.474928952185547,1
746,1.5529148644085573,0.22547352663758463,0
747,1.1433191898066908,0.45537945420752485,1
748,1.3122443913999184,0.5974712381321969,1
749,1.2521106486720495,0.5878655783281188,1
750,0.7965343516835768,0.5494988949403278,1
751,1.0112124253024977,0.36956302933992174,1
752,0.9795706859440356,0.6223233642564407,1
753,0.7815078553155443,0.6633007219216417,1
754,0.9822511795455833,0.5813882393130507,1
755,1.0084790867867057,0.61542532901456,1
756,1.1791098572410474,0.4972891113508538,1
757,0.8898071600680837,-0.14764193104915593,0
758,1.2022553383436887,0.5946621629650346,1
759,0.7764533482035225,0.3621649852308261,1
760,1.1642582345102972,0.5426202070438728,1
761,1.1664288217770573,0.5346104730949027,1
762,1.199545057023411,0.46181216587397217,1
763,0.7569387397845605,0.6910684433286831,1
764,1.9640153406695453,0.1073678378131402,0
765,0.9780394068533003,0.7058149050210775,1
766,0.8673153671009886,0.08347503173577522,1
767,0.5923284070880794,0.6790183144253809,1
768,0.5836756325056598,0.053760266441615925,1
769,1.232844648505261,0.6984747432794677,1
770,1.36785263476078,0.6625931308700299,1
771,1.5479437170404573,0.23147443474733195,0
772,1.5552445097875682,0.6693193604586235,1
773,0.8818252159725182,0.5971640212950216,1
774,1.4755119293925407,0.2688657827922458,0
775,0.47688993011620057,0.277493809971945,1
776,1.4590242031203027,0.7141968308918251,1
777,0.7941997620350415,0.5973809314136989,1
778,0.8155950335516206,0.5333874619063879,1
779,0.8586458976890996,0.7032026378800147,1
780,0.3764243973401815,0.6142767225810601,1
781,0.6203240691056925,0.4516399311323339,1
782,1.7027137285420901,0.8520893407749002,0
783,1.2614196215896047,0.5943697505970813,1
784,0.32890840530259285,0.3731870895725387,1
785,0.8524900324387668,0.7099038212592349,1
786,1.1645594457216542,0.6971111306872921,1
787,1.1274059298935346,0.7051843633335548,1
788,1.0087811544234235,1.0620657937668794,1
789,0.7362082507041101,0.37171068880134717,1
790,1.031783467644581,0.469880741599189,1
791,1.0788553449537837,0.6634302144737934,1
792,1.4987311049739402,0.5938192345299004,1
793,1.231039955589956,0.4528929557515593,1
794,1.3625572993646098,0.3753100020290939,1
795,1.1062306438033045,0.6415261427142964,1
796,1.4067008400458056,0.5317653081310818,1
797,0.8742832411967932,0.595591554898035,1
798,0.9611257371899151,0.5004477918963424,1
799,1.669038746309319,0.016334924411996396,0
800,0.6811764426812392,0.23735309413912056,1
801,1.3494555721727097,0.5006497463404127,1
802,1.1582321904436181,0.3245304689423763,1
803,1.7295381630318296,0.8448546505379427,0
804,1.0891020947083705,0.6304663211901457,1
805,1.1948714909323788,0.4406227273552736,1
806,1.2046222705619734,0.5832930847078266,1
807,1.0487867455654714,0.6766638474933778,1
808,1.4184373683830092,0.3190794177885292,1
809,1.2847683773312504,0.322064122484241,1
810,1.0152331796514547,0.6274176447760855,1
811,0.749266868094664,0.6999810954613898,1
812,1.0775620487348578,0.6331437943003266,1
813,1.4251388815644748,0.3513911194832743,0
814,0.9926426804016723,0.1571883293651231,1
815,1.1669899952190117,0.7179076471110708,1
816,1.3414827322992435,-0.02900533734287647,0
817,1.245247010263456,0.5128331297698078,1
818,0.6724012035147705,0.48194742942825913,1
819,0.8133048133370839,0.3807176344792137,1
820,0.9122100728136059,0.44952137020716093,1
821,1.140705981057788,0.785949450310629,1
822,0.8019630177560185,0.779568687861617,1
823,0.9004740241594358,0.699058843192619,1
824,0.9057781114549759,0.3283849717899916,1
825,1.0150892208252664,0.48188636980962235,1
826,0.7274495157327481,0.6920411012242029,1
827,0.8872548078725926,0.6618913455218252,1
828,0.9836711657396766,0.7963831183849055,1
829,1.0764283016949556,0.393545805773669,1
830,1.1436967340979889,0.7845564714115556,1
831,1.0396145341160756,0.6351342596827575,1
832,1.1593066252903186,0.7847402968996375,1
833,0.8093312709590039,0.2980069240084003,1
834,1.2856031643152448,0.4639653400417505,1
835,1.1614816383954978,0.34184156215144706,1
836,1.4150534064942653,0.5007781684667681,0
837,0.9329315483674872,0.7035892260688519,1
838,1.0141289222603938,0.7375867638512955,1
839,0.9538347955266346,0.6514001069997655,1
840,1.1931507911737098,0.608787260097949,1
841,1.5769772753973548,0.21656867413077094,0
842,0.5424685932583394,0.6761297046113603,1
843,1.2302735984755737,0.6252865752097712,1
844,1.557630961613232,-0.2854313392392335,0
845,1.4708420743694488,0.7211558769572772,1
846,1.391325059409957,0.6613108077439585,1
847,0.8668822171297876,0.46960663321432194,1
848,0.9989577822217239,0.7964747585484202,1
849,1.5603839600061624,0.9121108706574739,1
850,1.0310294473278288,0.5980103238371703,1
851,1.235117606936241,0.6156207407648537,1
852,0.9548329564705306,0.30183537050670756,1
853,1.1847103049435121,0.7710073236686481,1
854,1.1525197862629628,0.5354862956675199,1
855,0.7952687831698171,0.6273950059291465,1
856,1.296333042684604,0.3853887451204777,1
857,1.3354425549781863,0.4947059574104008,1
858,0.8805716396914108,0.21716159595095605,1
859,0.8344679787859469,0.6312509783054798,1
860,1.6620319827691077,0.6542709918762853,0
861,0.8285237396590246,0.29527474166797407,1
862,0.38657783243541166,0.16749602929908664,1
863,1.0176306166225983,0.516446597619946,1
864,1.7878908679145469,0.4008867016272658,0
865,0.9722862622496248,0.5084667305829549,1
866,0.9620566560966213,0.8368432818366618,1
867,0.7652422355140813,0.33972936148349075,1
868,0.970179289962311,0.4550122892828335,1
869,1.0245836831238706,0.5989381958259818,1
870,1.3632194805680973,0.7030527474894551,1
871,1.4538355083014198,0.7106085278829832,1
872,0.8199487676622222,0.29138900223856967,1
873,1.0651489671241299,0.4138990388687353,1
874,0.7866516942910861,0.408751406049583,1
875,1.1926047122938126,0.5544255762911559,1
876,1.2755662837035955,0.6075509000254014,1
877,0.918540991324593,0.7045022111563104,1
878,1.2412821236755556,0.7164859437613824,1
879,1.006514301998811,0.3164069087276761,1
880,0.9049751050104005,0.443396775703769,1
881,1.3196313501155688,0.37486153174849207,1
882,0.5388219904186458,0.42083150937414115,1
883,1.0935657150162046,0.6489230875791772,1
884,1.0885824179968462,0.4000873077410688,1
885,0.9372012323712872,0.005525546222304917,1
886,1.2946410507282318,0.5972532814294474,1
887,0.8188531486979485,0.4404293268929931,1
888,1.257180051376893,0.9960452943971694,1
889,1.719789437256934,0.4271802548856513,0
890,0.5845439607910088,0.4720215764113167,1
891,1.0500952161526893,0.3237824597053538,1
892,0.2536964495322441,0.08444109501870192,1
893,0.6118111059999448,0.4986545899825063,1
894,1.1245090657701724,0.1950474292161707,0
895,1.1507131631110976,0.09387567937292642,0
896,1.0254580658129167,0.4757240929430451,1
897,1.228656622287229,0.765990279851239,1
898,1.4616043984277622,-0.13217538731729883,0
899,1.2669238285021445,0.5072589466985897,1
900,1.5559417439436554,0.14532096878823558,0
901,0.9850268541714623,0.74630690951277,1
902,1.4431992296776044,0.9429132112881431,1
903,1.292920946344618,0.6245339266590162,1
904,1.2607510587665816,0.893092806515097,1
905,0.6925471354762355,0.5347252381171761,1
906,1.3427421236331767,0.28449316120966484,0
907,0.9311631322633795,0.17568925103819524,1
908,0.8345750794301068,0.33951728269422254,1
909,1.1746577868203525,0.7433660592936104,1
910,1.1036808841554286,0.7448368888283162,1
911,1.1322772107718562,0.7209496790214915,1
912,1.2547621962694628,0.7630831026770453,1
913,0.908963033206716,0.5224040173426621,1
914,1.2427066312715838,0.6524244251285971,1
915,1.1012513744101446,0.6262435784192276,1
916,1.1160279268146585,0.5280654588531142,1
917,0.8177507636908276,0.43535204637895664,1
918,1.70082986754909,0.621842536928249,1
919,1.457584927511113,-0.07032112101845361,0
920,1.514846839973429,0.2670728419752586,0
921,0.8935238782087844,0.7292053843240861,1
922,0.7488618384943783,0.8822606832868823,1
923,1.2965009993169732,0.4917349316660686,1
924,1.0723943857724543,0.953287232991662,1
925,1.3676995963692449,0.3052243475034419,0
926,0.8846781546195683,0.8463221615887786,1
927,1.3479786275398644,0.6937841110803693,1
928,1.1464169747239512,0.4502194275917545,1
929,1.4989349483369625,0.5944601621330305,1
930,0.6965695709498452,0.18142533408836992,1
931,0.9356087650279088,0.7399111054612455,1
932,1.5327809626227924,0.3451949312351433,0
933,1.2552522227027958,0.4117554154230863,1
934,1.0017424256656384,0.7440838204084486,1
935,0.9942252886689646,0.771753484253628,1
936,1.5070674371859005,0.6593956707745386,1
937,1.0166948165382732,0.14851380540089365,0
938,0.9891007532543459,0.7667108526569498,1
939,1.1282123344049728,0.6992858625952316,1
940,0.9811137785839734,0.7587279118278618,1
941,0.9568784056584404,0.4337034362059542,1
942,1.38189509250888,0.966619907441397,1
943,1.1115650481566393,0.41454525720736196,1
944,1.0417109697424962,0.395067337377005,1
945,1.1374525486163556,0.5217207448965029,1
946,1.1092188507403868,0.5303104933747773,1
947,1.1566831322173567,0.6054196380061089,1
948,0.8736937813042897,0.5855068126315868,1
949,1.1961306312152669,0.4211381246673894,1
950,0.8417595796453737,0.6313625411974493,1
951,0.9619346974210055,0.7319027424485818,1
952,1.0131316010071854,0.8260972254600112,1
953,0.9104094476807285,0.405670176679021,1
954,0.7775879337441778,0.444001009303457,1
955,1.403096296647462,0.3250694430427147,0
956,0.9618392491306438,0.39540108614836833,1
957,1.361386544752465,0.719147857276491,1
958,0.9711195147274234,0.5970197565791957,1
959,1.6691670285760198,0.2307824980946523,0
960,0.9603946561456821,0.7798698388411369,1
961,0.6942538658711062,0.4437937072230297,1
962,1.6736204203957823,0.5725776105539386,0
963,1.5555061752534938,0.9085376529496261,1
964,1.2037365674312626,0.898423310688121,1
965,1.1313572617282643,0.7705180322319318,1
966,0.6468579054156087,0.45916844932790424,1
967,1.158635414642125,0.4735350195021794,1
968,0.8108113197517557,0.2944895811797225,1
969,0.8405573812035024,0.6309542275241659,1
970,1.469034617401336,0.7737245827696818,1
971,1.1007249158135395,0.6595480382334618,1
972,1.2173109944835527,0.44874488760961656,1
973,0.340804314228537,0.43576328857253754,1
974,1.36313709066392,0.6831394227637764,1
975,1.2148070288700596,0.533539143634832,1
976,1.445582767870996,0.36747440899753425,0
977,1.1008807954956472,0.6083876559011537,1
978,1.1121251599502986,0.717048588709464,1
979,1.0924625963140109,0.48673612689922796,1
980,0.594561186587696,0.4821654140660427,1
981,2.308198725886048,-0.7354618977949021,0
982,1.1617124899774,0.6103859767411653,1
983,0.8069963655747348,0.422844168500065,1
984,1.3253370354694596,0.3866046860451685,0
985,0.7820351530075745,0.5774844670369459,1
986,0.9414426880279778,0.11680564823058945,1
987,0.8626395315479358,0.42743959688158506,1
988,1.3217127260681671,-0.32355900028845097,0
989,1.0618908377047946,0.59266296085445,1
990,0.7866215454863081,0.7730602163118744,1
991,1.2221139866245325,0.11714137965562095,0
992,1.1814895191438475,0.22598997162139517,0
993,0.26920070618999115,0.3297995257604933,1
994,0.8641373257052483,0.4093957356329926,1
995,1.0713515182461002,0.5917221657168621,1
996,1.4768985131928587,0.3778202572537992,0
997,0.9614756974346093,0.8108395583428076,1
998,1.6383747729097367,-0.00527935301093857,0
999,0.9569121685597124,0.14936778724472172,1
1000,1.2841536553653219,-0.2519817386581101,0
1001,0.7878562522676993,0.4227279009460085,1
1002,0.9749253788690457,0.2720675232267635,1
1003,1.453420914384906,-0.20316457212301353,0
1004,0.9709394202176223,0.5618813427814101,1
1005,1.0759453075048295,0.19786870529339723,1
1006,0.8858186848728689,0.5694915150618314,1
1007,1.1354061089188519,0.36725518187627293,1
1008,0.46482059315940083,0.40620808521942703,1
1009,0.760184036157268,0.2676573779965411,1
1010,0.8736555516249405,0.7559716335347408,1
1011,1.3740859991445087,0.6680821406452877,1
1012,1.702804184503522,0.28515781372480253,0
1013,0.876845963179872,0.47539602391813457,1
1014,1.0234356124125348,0.395356515604444,1
1015,1.0943347173178333,0.13933201458474492,0
1016,0.9318657153188501,0.4503662606843063,1
1017,1.4322356686739832,0.781990270862213,1
1018,1.127767935909731,0.15340532124086545,0
1019,1.0075955990295098,0.18073072209526092,1
1020,0.859571714886073,0.3164059090514197,1
1021,1.4438538922203363,0.20738458332141302,0
1022,0.7976312601479068,0.2945104248186368,1
1023,1.1669811901041318,0.4747465724061657,1
1024,0.9001206215823732,0.13561603987843232,1
1025,0.9280667017100053,0.21916639532379678,1
1026,0.7592535660970512,0.22889460942749829,1
1027,0.6911504288230507,0.27307225249069594,1
1028,1.5389938652946373,0.4317828571950129,0
1029,1.4072577528579995,0.5149412859403627,1
1030,1.4023418503669096,0.42954310930841827,1
1031,1.2333003897082677,0.36960712681370644,1
1032,1.0413842532658473,0.3208381698019635,1
1033,0.555002694396977,0.17060446441295335,1
1034,1.0871966461024283,0.5818036417170205,1
1035,1.740439973486953,0.45274992078397686,0
1036,0.8469942616684599,0.05685437670878516,1
1037,1.3219981832028083,0.29141589235729126,0
1038,1.3736523220063335,0.41717821898803087,1
1039,0.7886490775512074,0.2341931523650327,1
1040,0.9727652761406187,0.1729390950625046,1
1041,1.1112253864710293,0.432211731440868,1
1042,1.2228751901485326,0.47782566724188374,1
1043,0.9708943022357488,0.6651458688070112,1
1044,1.3560730483021999,0.5063988606138252,1
1045,1.1605987329897873,-0.07676332457749183,0
1046,1.0331008276842328,0.6224873555736556,1
1047,0.9094401871119473,0.42557523375500167,1
1048,0.8754086881547956,0.0910655018058124,1
1049,0.9243336595666192,0.1246860977346814,1
1050,0.8092887019196524,0.9035333392726639,1
1051,1.357126441513862,0.593409853886485,1
1052,1.1417346190405784,0.47908065651650494,1
1053,1.4097807193493561,0.33862862092963947,0
1054,0.3562256329365598,0.12633123605173818,1
1055,1.0290887719327584,0.0660239732279802,0
1056,1.2506322475935425,0.5214142187781641,1
1057,1.234687436583711,0.4125043851869275,1
1058,0.9922063028271471,0.28107062449677506,1
1059,1.0942485611095627,0.46058282775107195,1
1060,1.02809082276322,0.4817362772477756,1
1061,1.1299607481793545,0.3306563247257659,1
1062,0.9471208518644216,0.6307136846733153,1
1063,1.0674885637608194,0.2297737973249184,1
1064,1.343804006649504,-0.044033055947624786,0
1065,1.687637969104581,-0.1437879631568339,0
1066,1.066512863844158,0.4882590528430615,1
1067,1.1876112983928473,0.6416094306191611,1
1068,1.5187941909851914,0.7553086061121169,1
1069,0.6288270350236661,0.10612360490071397,1
1070,0.6870293942469303,-0.1443983464605001,1
1071,0.8135420048911144,-0.04289960596011963,1
1072,0.9576656513433521,0.4437453502753762,1
1073,1.2551047482037943,0.2537501211240947,0
1074,1.3117087589336007,0.14068774033559603,0
1075,1.5692238731472679,0.4785622763890754,0
1076,1.1165516670331297,0.22533376036025277,1
1077,1.1175919202356277,0.8079880421419519,1
1078,0.7405783850896974,0.45313532424720543,1
1079,0.7492150885972213,0.6276645510659666,1
1080,1.1974048188126034,-0.31796436806401396,0
1081,1.4157590574546697,0.5448330625858041,1
1082,1.1150916927811214,0.16313010926019264,1
1083,0.5028222721886089,0.4204660651874272,1
1084,1.170957380633065,0.20562903679049954,1
1085,1.2840489279855616,0.5223844043065236,1
1086,1.3436807478897186,0.8497005894151037,1
1087,1.5240379020096126,0.5749521574020906,0
1088,0.728637520497363,0.1430502516329043,1
1089,0.9329504768794803,0.561115217478598,1
1090,0.9892295036927505,0.1231636639981159,1
1091,0.830819280624856,0.5043315830835787,1
1092,1.38057477692379,0.37402041094492433,0
1093,1.2427131264717302,0.11489955252026333,0
1094,1.7070983212291178,-0.0646706537379789,0
1095,1.2042665932133139,0.3814501218004632,1
1096,1.043928372942142,0.4604308313641418,1
1097,1.4897576644373052,0.647768700718677,1
1098,1.3425702107903104,0.4567011117138952,1
1099,0.9012997223192221,0.33839343505415054,1
1100,1.0449426406157236,0.10197854264527648,1
1101,1.225533812338319,0.2137772002760799,1
1102,1.2229241495587946,0.48045054669530785,1
1103,1.217486662051528,0.09221256103235542,0
1104,0.8868865999121137,0.04172437966354954,1
1105,1.6450054070639042,-0.15038326307253141,0
1106,1.6876420800434349,0.3451391927985802,0
1107,1.4861623819011927,0.5261282802825943,1
1108,0.9288057476380387,0.39299933159946104,1
1109,1.3924754776562107,0.39763214256385426,0
1110,1.0550477907699425,0.5533845549959437,1
1111,0.6472917323062841,0.31198966776961157,1
1112,1.043315171187654,0.6863617524453614,1
1113,1.5068366610642703,0.291196594461665,0
1114,0.8200555883558387,0.5902013904042507,1
